[13-Aug-2025 08:51:27 UTC] Automatic updates starting...
[13-Aug-2025 08:51:28 UTC]   Automatic plugin updates starting...
[13-Aug-2025 08:51:28 UTC] PHP Fatal error:  Uncaught TypeError: call_user_func_array(): Argument #1 ($callback) must be a valid callback, function "disable_woocommerce_auto_update" not found or invalid function name in C:\Users\User\Local Sites\shopinzed\app\public\wp-includes\class-wp-hook.php:324
Stack trace:
#0 C:\Users\User\Local Sites\shopinzed\app\public\wp-includes\plugin.php(205): WP_Hook->apply_filters(false, Array)
#1 C:\Users\User\Local Sites\shopinzed\app\public\wp-admin\includes\class-wp-automatic-updater.php(268): apply_filters('auto_update_plu...', false, Object(stdClass))
#2 C:\Users\User\Local Sites\shopinzed\app\public\wp-admin\includes\class-wp-automatic-updater.php(387): WP_Automatic_Updater->should_update('plugin', Object(stdClass), 'C:\\Users\\User\\L...')
#3 C:\Users\User\Local Sites\shopinzed\app\public\wp-admin\includes\class-wp-automatic-updater.php(676): WP_Automatic_Updater->update('plugin', Object(stdClass))
#4 C:\Users\User\Local Sites\shopinzed\app\public\wp-includes\update.php(861): WP_Automatic_Updater->run()
#5 C:\Users\User\Local Sites\shopinzed\app\public\wp-includes\class-wp-hook.php(324): wp_maybe_auto_update('')
#6 C:\Users\User\Local Sites\shopinzed\app\public\wp-includes\class-wp-hook.php(348): WP_Hook->apply_filters('', Array)
#7 C:\Users\User\Local Sites\shopinzed\app\public\wp-includes\plugin.php(517): WP_Hook->do_action(Array)
#8 C:\Users\User\Local Sites\shopinzed\app\public\wp-includes\update.php(304): do_action('wp_maybe_auto_u...')
#9 C:\Users\User\Local Sites\shopinzed\app\public\wp-includes\class-wp-hook.php(324): wp_version_check()
#10 C:\Users\User\Local Sites\shopinzed\app\public\wp-includes\class-wp-hook.php(348): WP_Hook->apply_filters('', Array)
#11 C:\Users\User\Local Sites\shopinzed\app\public\wp-includes\plugin.php(565): WP_Hook->do_action(Array)
#12 C:\Users\User\Local Sites\shopinzed\app\public\wp-cron.php(191): do_action_ref_array('wp_version_chec...', Array)
#13 {main}
  thrown in C:\Users\User\Local Sites\shopinzed\app\public\wp-includes\class-wp-hook.php on line 324
[13-Aug-2025 10:02:01 UTC] PHP Deprecated:  preg_match(): Passing null to parameter #2 ($subject) of type string is deprecated in C:\Users\User\Local Sites\shopinzed\app\public\wp-includes\class-wp-block-parser.php on line 247
[13-Aug-2025 10:02:01 UTC] PHP Deprecated:  preg_match(): Passing null to parameter #2 ($subject) of type string is deprecated in C:\Users\User\Local Sites\shopinzed\app\public\wp-includes\class-wp-block-parser.php on line 247
[13-Aug-2025 10:02:01 UTC] PHP Deprecated:  strlen(): Passing null to parameter #1 ($string) of type string is deprecated in C:\Users\User\Local Sites\shopinzed\app\public\wp-includes\class-wp-block-parser.php on line 324
[13-Aug-2025 10:02:01 UTC] PHP Deprecated:  strlen(): Passing null to parameter #1 ($string) of type string is deprecated in C:\Users\User\Local Sites\shopinzed\app\public\wp-includes\class-wp-block-parser.php on line 324
[13-Aug-2025 10:02:44 UTC] PHP Deprecated:  preg_match(): Passing null to parameter #2 ($subject) of type string is deprecated in C:\Users\User\Local Sites\shopinzed\app\public\wp-includes\class-wp-block-parser.php on line 247
[13-Aug-2025 10:02:44 UTC] PHP Deprecated:  strlen(): Passing null to parameter #1 ($string) of type string is deprecated in C:\Users\User\Local Sites\shopinzed\app\public\wp-includes\class-wp-block-parser.php on line 324
[13-Aug-2025 10:02:44 UTC] PHP Deprecated:  preg_match(): Passing null to parameter #2 ($subject) of type string is deprecated in C:\Users\User\Local Sites\shopinzed\app\public\wp-includes\class-wp-block-parser.php on line 247
[13-Aug-2025 10:02:44 UTC] PHP Deprecated:  strlen(): Passing null to parameter #1 ($string) of type string is deprecated in C:\Users\User\Local Sites\shopinzed\app\public\wp-includes\class-wp-block-parser.php on line 324
[13-Aug-2025 13:26:32 UTC] Automatic updates starting...
[13-Aug-2025 13:26:34 UTC]   Automatic plugin updates starting...
[13-Aug-2025 13:26:34 UTC] PHP Fatal error:  Uncaught TypeError: call_user_func_array(): Argument #1 ($callback) must be a valid callback, function "disable_woocommerce_auto_update" not found or invalid function name in C:\Users\User\Local Sites\shopinzed\app\public\wp-includes\class-wp-hook.php:324
Stack trace:
#0 C:\Users\User\Local Sites\shopinzed\app\public\wp-includes\plugin.php(205): WP_Hook->apply_filters(false, Array)
#1 C:\Users\User\Local Sites\shopinzed\app\public\wp-admin\includes\class-wp-automatic-updater.php(268): apply_filters('auto_update_plu...', false, Object(stdClass))
#2 C:\Users\User\Local Sites\shopinzed\app\public\wp-admin\includes\class-wp-automatic-updater.php(387): WP_Automatic_Updater->should_update('plugin', Object(stdClass), 'C:\\Users\\User\\L...')
#3 C:\Users\User\Local Sites\shopinzed\app\public\wp-admin\includes\class-wp-automatic-updater.php(676): WP_Automatic_Updater->update('plugin', Object(stdClass))
#4 C:\Users\User\Local Sites\shopinzed\app\public\wp-includes\update.php(861): WP_Automatic_Updater->run()
#5 C:\Users\User\Local Sites\shopinzed\app\public\wp-includes\class-wp-hook.php(324): wp_maybe_auto_update('')
#6 C:\Users\User\Local Sites\shopinzed\app\public\wp-includes\class-wp-hook.php(348): WP_Hook->apply_filters('', Array)
#7 C:\Users\User\Local Sites\shopinzed\app\public\wp-includes\plugin.php(517): WP_Hook->do_action(Array)
#8 C:\Users\User\Local Sites\shopinzed\app\public\wp-includes\update.php(304): do_action('wp_maybe_auto_u...')
#9 C:\Users\User\Local Sites\shopinzed\app\public\wp-includes\class-wp-hook.php(324): wp_version_check()
#10 C:\Users\User\Local Sites\shopinzed\app\public\wp-includes\class-wp-hook.php(348): WP_Hook->apply_filters('', Array)
#11 C:\Users\User\Local Sites\shopinzed\app\public\wp-includes\plugin.php(565): WP_Hook->do_action(Array)
#12 C:\Users\User\Local Sites\shopinzed\app\public\wp-cron.php(191): do_action_ref_array('wp_version_chec...', Array)
#13 {main}
  thrown in C:\Users\User\Local Sites\shopinzed\app\public\wp-includes\class-wp-hook.php on line 324
[13-Aug-2025 19:28:25 UTC] PHP Warning:  wp_update_plugins(): An unexpected error occurred. Something may be wrong with WordPress.org or this server&#8217;s configuration. If you continue to have problems, please try the <a href="https://wordpress.org/support/forums/">support forums</a>. (WordPress could not establish a secure connection to WordPress.org. Please contact your server administrator.) in C:\Users\User\Local Sites\shopinzed\app\public\wp-includes\functions.php on line 6121
[13-Aug-2025 19:28:25 UTC] PHP Warning:  wp_update_themes(): An unexpected error occurred. Something may be wrong with WordPress.org or this server&#8217;s configuration. If you continue to have problems, please try the <a href="https://wordpress.org/support/forums/">support forums</a>. (WordPress could not establish a secure connection to WordPress.org. Please contact your server administrator.) in C:\Users\User\Local Sites\shopinzed\app\public\wp-includes\functions.php on line 6121
[14-Aug-2025 08:10:02 UTC] PHP Warning:  mysqli_real_connect(): (HY000/2002): No connection could be made because the target machine actively refused it in C:\Users\User\Local Sites\shopinzed\app\public\wp-includes\class-wpdb.php on line 1988
[14-Aug-2025 08:20:25 UTC] Automatic updates starting...
[14-Aug-2025 08:20:27 UTC]   Automatic plugin updates starting...
[14-Aug-2025 08:20:27 UTC] PHP Fatal error:  Uncaught TypeError: call_user_func_array(): Argument #1 ($callback) must be a valid callback, function "disable_woocommerce_auto_update" not found or invalid function name in C:\Users\User\Local Sites\shopinzed\app\public\wp-includes\class-wp-hook.php:324
Stack trace:
#0 C:\Users\User\Local Sites\shopinzed\app\public\wp-includes\plugin.php(205): WP_Hook->apply_filters(false, Array)
#1 C:\Users\User\Local Sites\shopinzed\app\public\wp-admin\includes\class-wp-automatic-updater.php(268): apply_filters('auto_update_plu...', false, Object(stdClass))
#2 C:\Users\User\Local Sites\shopinzed\app\public\wp-admin\includes\class-wp-automatic-updater.php(387): WP_Automatic_Updater->should_update('plugin', Object(stdClass), 'C:\\Users\\User\\L...')
#3 C:\Users\User\Local Sites\shopinzed\app\public\wp-admin\includes\class-wp-automatic-updater.php(676): WP_Automatic_Updater->update('plugin', Object(stdClass))
#4 C:\Users\User\Local Sites\shopinzed\app\public\wp-includes\update.php(861): WP_Automatic_Updater->run()
#5 C:\Users\User\Local Sites\shopinzed\app\public\wp-includes\class-wp-hook.php(324): wp_maybe_auto_update('')
#6 C:\Users\User\Local Sites\shopinzed\app\public\wp-includes\class-wp-hook.php(348): WP_Hook->apply_filters('', Array)
#7 C:\Users\User\Local Sites\shopinzed\app\public\wp-includes\plugin.php(517): WP_Hook->do_action(Array)
#8 C:\Users\User\Local Sites\shopinzed\app\public\wp-includes\update.php(304): do_action('wp_maybe_auto_u...')
#9 C:\Users\User\Local Sites\shopinzed\app\public\wp-includes\class-wp-hook.php(324): wp_version_check()
#10 C:\Users\User\Local Sites\shopinzed\app\public\wp-includes\class-wp-hook.php(348): WP_Hook->apply_filters('', Array)
#11 C:\Users\User\Local Sites\shopinzed\app\public\wp-includes\plugin.php(565): WP_Hook->do_action(Array)
#12 C:\Users\User\Local Sites\shopinzed\app\public\wp-cron.php(191): do_action_ref_array('wp_version_chec...', Array)
#13 {main}
  thrown in C:\Users\User\Local Sites\shopinzed\app\public\wp-includes\class-wp-hook.php on line 324
[14-Aug-2025 14:10:45 UTC] PHP Warning:  wp_version_check(): An unexpected error occurred. Something may be wrong with WordPress.org or this server&#8217;s configuration. If you continue to have problems, please try the <a href="https://wordpress.org/support/forums/">support forums</a>. (WordPress could not establish a secure connection to WordPress.org. Please contact your server administrator.) in C:\Users\User\Local Sites\shopinzed\app\public\wp-includes\functions.php on line 6121
[14-Aug-2025 14:10:45 UTC] PHP Warning:  wp_update_plugins(): An unexpected error occurred. Something may be wrong with WordPress.org or this server&#8217;s configuration. If you continue to have problems, please try the <a href="https://wordpress.org/support/forums/">support forums</a>. (WordPress could not establish a secure connection to WordPress.org. Please contact your server administrator.) in C:\Users\User\Local Sites\shopinzed\app\public\wp-includes\functions.php on line 6121
[14-Aug-2025 14:10:45 UTC] PHP Warning:  wp_update_themes(): An unexpected error occurred. Something may be wrong with WordPress.org or this server&#8217;s configuration. If you continue to have problems, please try the <a href="https://wordpress.org/support/forums/">support forums</a>. (WordPress could not establish a secure connection to WordPress.org. Please contact your server administrator.) in C:\Users\User\Local Sites\shopinzed\app\public\wp-includes\functions.php on line 6121
[14-Aug-2025 14:10:56 UTC] PHP Deprecated:  Automatic conversion of false to array is deprecated in C:\Users\User\Local Sites\shopinzed\app\public\wp-content\plugins\elementor\includes\api.php on line 176
[27-Aug-2025 14:19:52 UTC] PHP Deprecated:  Automatic conversion of false to array is deprecated in C:\Users\User\Local Sites\shopinzed\app\public\wp-content\plugins\elementor\includes\api.php on line 176
[27-Aug-2025 14:20:03 UTC] Automatic updates starting...
[27-Aug-2025 14:20:08 UTC]   Automatic plugin updates starting...
[27-Aug-2025 14:20:08 UTC] PHP Fatal error:  Uncaught TypeError: call_user_func_array(): Argument #1 ($callback) must be a valid callback, function "disable_woocommerce_auto_update" not found or invalid function name in C:\Users\User\Local Sites\shopinzed\app\public\wp-includes\class-wp-hook.php:324
Stack trace:
#0 C:\Users\User\Local Sites\shopinzed\app\public\wp-includes\plugin.php(205): WP_Hook->apply_filters(false, Array)
#1 C:\Users\User\Local Sites\shopinzed\app\public\wp-admin\includes\class-wp-automatic-updater.php(268): apply_filters('auto_update_plu...', false, Object(stdClass))
#2 C:\Users\User\Local Sites\shopinzed\app\public\wp-admin\includes\class-wp-automatic-updater.php(387): WP_Automatic_Updater->should_update('plugin', Object(stdClass), 'C:\\Users\\User\\L...')
#3 C:\Users\User\Local Sites\shopinzed\app\public\wp-admin\includes\class-wp-automatic-updater.php(676): WP_Automatic_Updater->update('plugin', Object(stdClass))
#4 C:\Users\User\Local Sites\shopinzed\app\public\wp-includes\update.php(861): WP_Automatic_Updater->run()
#5 C:\Users\User\Local Sites\shopinzed\app\public\wp-includes\class-wp-hook.php(324): wp_maybe_auto_update('')
#6 C:\Users\User\Local Sites\shopinzed\app\public\wp-includes\class-wp-hook.php(348): WP_Hook->apply_filters('', Array)
#7 C:\Users\User\Local Sites\shopinzed\app\public\wp-includes\plugin.php(517): WP_Hook->do_action(Array)
#8 C:\Users\User\Local Sites\shopinzed\app\public\wp-includes\update.php(304): do_action('wp_maybe_auto_u...')
#9 C:\Users\User\Local Sites\shopinzed\app\public\wp-includes\class-wp-hook.php(324): wp_version_check()
#10 C:\Users\User\Local Sites\shopinzed\app\public\wp-includes\class-wp-hook.php(348): WP_Hook->apply_filters('', Array)
#11 C:\Users\User\Local Sites\shopinzed\app\public\wp-includes\plugin.php(565): WP_Hook->do_action(Array)
#12 C:\Users\User\Local Sites\shopinzed\app\public\wp-cron.php(191): do_action_ref_array('wp_version_chec...', Array)
#13 {main}
  thrown in C:\Users\User\Local Sites\shopinzed\app\public\wp-includes\class-wp-hook.php on line 324
[27-Aug-2025 14:21:19 UTC] PHP Warning:  wp_update_themes(): An unexpected error occurred. Something may be wrong with WordPress.org or this server&#8217;s configuration. If you continue to have problems, please try the <a href="https://wordpress.org/support/forums/">support forums</a>. (WordPress could not establish a secure connection to WordPress.org. Please contact your server administrator.) in C:\Users\User\Local Sites\shopinzed\app\public\wp-includes\functions.php on line 6121
[27-Aug-2025 14:21:35 UTC] PHP Fatal error:  Uncaught TypeError: call_user_func_array(): Argument #1 ($callback) must be a valid callback, function "disable_woocommerce_auto_update" not found or invalid function name in C:\Users\User\Local Sites\shopinzed\app\public\wp-includes\class-wp-hook.php:324
Stack trace:
#0 C:\Users\User\Local Sites\shopinzed\app\public\wp-includes\plugin.php(205): WP_Hook->apply_filters(true, Array)
#1 C:\Users\User\Local Sites\shopinzed\app\public\wp-admin\includes\update.php(1089): apply_filters('auto_update_plu...', true, Object(stdClass))
#2 C:\Users\User\Local Sites\shopinzed\app\public\wp-admin\includes\class-wp-site-health.php(3061): wp_is_auto_update_forced_for_item('plugin', true, Object(stdClass))
#3 C:\Users\User\Local Sites\shopinzed\app\public\wp-admin\includes\class-wp-site-health.php(1796): WP_Site_Health->detect_plugin_theme_auto_update_issues()
#4 C:\Users\User\Local Sites\shopinzed\app\public\wp-admin\includes\class-wp-site-health.php(194): WP_Site_Health->get_test_plugin_theme_auto_updates()
#5 C:\Users\User\Local Sites\shopinzed\app\public\wp-admin\includes\class-wp-site-health.php(3222): WP_Site_Health->perform_test(Array)
#6 C:\Users\User\Local Sites\shopinzed\app\public\wp-includes\class-wp-hook.php(324): WP_Site_Health->wp_cron_scheduled_check()
#7 C:\Users\User\Local Sites\shopinzed\app\public\wp-includes\class-wp-hook.php(348): WP_Hook->apply_filters('', Array)
#8 C:\Users\User\Local Sites\shopinzed\app\public\wp-includes\plugin.php(565): WP_Hook->do_action(Array)
#9 C:\Users\User\Local Sites\shopinzed\app\public\wp-cron.php(191): do_action_ref_array('wp_site_health_...', Array)
#10 {main}
  thrown in C:\Users\User\Local Sites\shopinzed\app\public\wp-includes\class-wp-hook.php on line 324
[28-Aug-2025 13:50:17 UTC] Automatic updates starting...
[28-Aug-2025 13:50:19 UTC]   Automatic plugin updates starting...
[28-Aug-2025 13:50:19 UTC] PHP Fatal error:  Uncaught TypeError: call_user_func_array(): Argument #1 ($callback) must be a valid callback, function "disable_woocommerce_auto_update" not found or invalid function name in C:\Users\User\Local Sites\shopinzed\app\public\wp-includes\class-wp-hook.php:324
Stack trace:
#0 C:\Users\User\Local Sites\shopinzed\app\public\wp-includes\plugin.php(205): WP_Hook->apply_filters(false, Array)
#1 C:\Users\User\Local Sites\shopinzed\app\public\wp-admin\includes\class-wp-automatic-updater.php(268): apply_filters('auto_update_plu...', false, Object(stdClass))
#2 C:\Users\User\Local Sites\shopinzed\app\public\wp-admin\includes\class-wp-automatic-updater.php(387): WP_Automatic_Updater->should_update('plugin', Object(stdClass), 'C:\\Users\\User\\L...')
#3 C:\Users\User\Local Sites\shopinzed\app\public\wp-admin\includes\class-wp-automatic-updater.php(676): WP_Automatic_Updater->update('plugin', Object(stdClass))
#4 C:\Users\User\Local Sites\shopinzed\app\public\wp-includes\update.php(861): WP_Automatic_Updater->run()
#5 C:\Users\User\Local Sites\shopinzed\app\public\wp-includes\class-wp-hook.php(324): wp_maybe_auto_update('')
#6 C:\Users\User\Local Sites\shopinzed\app\public\wp-includes\class-wp-hook.php(348): WP_Hook->apply_filters('', Array)
#7 C:\Users\User\Local Sites\shopinzed\app\public\wp-includes\plugin.php(517): WP_Hook->do_action(Array)
#8 C:\Users\User\Local Sites\shopinzed\app\public\wp-includes\update.php(304): do_action('wp_maybe_auto_u...')
#9 C:\Users\User\Local Sites\shopinzed\app\public\wp-includes\class-wp-hook.php(324): wp_version_check()
#10 C:\Users\User\Local Sites\shopinzed\app\public\wp-includes\class-wp-hook.php(348): WP_Hook->apply_filters('', Array)
#11 C:\Users\User\Local Sites\shopinzed\app\public\wp-includes\plugin.php(565): WP_Hook->do_action(Array)
#12 C:\Users\User\Local Sites\shopinzed\app\public\wp-cron.php(191): do_action_ref_array('wp_version_chec...', Array)
#13 {main}
  thrown in C:\Users\User\Local Sites\shopinzed\app\public\wp-includes\class-wp-hook.php on line 324
[28-Aug-2025 14:00:42 UTC] PHP Deprecated:  strip_tags(): Passing null to parameter #1 ($string) of type string is deprecated in C:\Users\User\Local Sites\shopinzed\app\public\wp-includes\theme.php on line 1964
[28-Aug-2025 14:01:33 UTC] PHP Deprecated:  strip_tags(): Passing null to parameter #1 ($string) of type string is deprecated in C:\Users\User\Local Sites\shopinzed\app\public\wp-includes\theme.php on line 1964
[28-Aug-2025 14:10:06 UTC] PHP Deprecated:  strip_tags(): Passing null to parameter #1 ($string) of type string is deprecated in C:\Users\User\Local Sites\shopinzed\app\public\wp-includes\theme.php on line 1964
[11-Sep-2025 08:36:09 UTC] Automatic updates starting...
[11-Sep-2025 08:36:10 UTC]   Automatic plugin updates starting...
[11-Sep-2025 08:36:10 UTC] PHP Fatal error:  Uncaught TypeError: call_user_func_array(): Argument #1 ($callback) must be a valid callback, function "disable_woocommerce_auto_update" not found or invalid function name in C:\Users\User\Local Sites\shopinzed\app\public\wp-includes\class-wp-hook.php:324
Stack trace:
#0 C:\Users\User\Local Sites\shopinzed\app\public\wp-includes\plugin.php(205): WP_Hook->apply_filters(false, Array)
#1 C:\Users\User\Local Sites\shopinzed\app\public\wp-admin\includes\class-wp-automatic-updater.php(268): apply_filters('auto_update_plu...', false, Object(stdClass))
#2 C:\Users\User\Local Sites\shopinzed\app\public\wp-admin\includes\class-wp-automatic-updater.php(387): WP_Automatic_Updater->should_update('plugin', Object(stdClass), 'C:\\Users\\User\\L...')
#3 C:\Users\User\Local Sites\shopinzed\app\public\wp-admin\includes\class-wp-automatic-updater.php(676): WP_Automatic_Updater->update('plugin', Object(stdClass))
#4 C:\Users\User\Local Sites\shopinzed\app\public\wp-includes\update.php(861): WP_Automatic_Updater->run()
#5 C:\Users\User\Local Sites\shopinzed\app\public\wp-includes\class-wp-hook.php(324): wp_maybe_auto_update('')
#6 C:\Users\User\Local Sites\shopinzed\app\public\wp-includes\class-wp-hook.php(348): WP_Hook->apply_filters('', Array)
#7 C:\Users\User\Local Sites\shopinzed\app\public\wp-includes\plugin.php(517): WP_Hook->do_action(Array)
#8 C:\Users\User\Local Sites\shopinzed\app\public\wp-includes\update.php(304): do_action('wp_maybe_auto_u...')
#9 C:\Users\User\Local Sites\shopinzed\app\public\wp-includes\class-wp-hook.php(324): wp_version_check()
#10 C:\Users\User\Local Sites\shopinzed\app\public\wp-includes\class-wp-hook.php(348): WP_Hook->apply_filters('', Array)
#11 C:\Users\User\Local Sites\shopinzed\app\public\wp-includes\plugin.php(565): WP_Hook->do_action(Array)
#12 C:\Users\User\Local Sites\shopinzed\app\public\wp-cron.php(191): do_action_ref_array('wp_version_chec...', Array)
#13 {main}
  thrown in C:\Users\User\Local Sites\shopinzed\app\public\wp-includes\class-wp-hook.php on line 324
[11-Sep-2025 08:52:36 UTC] PHP Fatal error:  Uncaught TypeError: call_user_func_array(): Argument #1 ($callback) must be a valid callback, function "disable_woocommerce_auto_update" not found or invalid function name in C:\Users\User\Local Sites\shopinzed\app\public\wp-includes\class-wp-hook.php:324
Stack trace:
#0 C:\Users\User\Local Sites\shopinzed\app\public\wp-includes\plugin.php(205): WP_Hook->apply_filters(true, Array)
#1 C:\Users\User\Local Sites\shopinzed\app\public\wp-admin\includes\update.php(1089): apply_filters('auto_update_plu...', true, Object(stdClass))
#2 C:\Users\User\Local Sites\shopinzed\app\public\wp-admin\includes\class-wp-site-health.php(3061): wp_is_auto_update_forced_for_item('plugin', true, Object(stdClass))
#3 C:\Users\User\Local Sites\shopinzed\app\public\wp-admin\includes\class-wp-site-health.php(1796): WP_Site_Health->detect_plugin_theme_auto_update_issues()
#4 C:\Users\User\Local Sites\shopinzed\app\public\wp-admin\includes\class-wp-site-health.php(194): WP_Site_Health->get_test_plugin_theme_auto_updates()
#5 C:\Users\User\Local Sites\shopinzed\app\public\wp-admin\includes\class-wp-site-health.php(3222): WP_Site_Health->perform_test(Array)
#6 C:\Users\User\Local Sites\shopinzed\app\public\wp-includes\class-wp-hook.php(324): WP_Site_Health->wp_cron_scheduled_check()
#7 C:\Users\User\Local Sites\shopinzed\app\public\wp-includes\class-wp-hook.php(348): WP_Hook->apply_filters('', Array)
#8 C:\Users\User\Local Sites\shopinzed\app\public\wp-includes\plugin.php(565): WP_Hook->do_action(Array)
#9 C:\Users\User\Local Sites\shopinzed\app\public\wp-cron.php(191): do_action_ref_array('wp_site_health_...', Array)
#10 {main}
  thrown in C:\Users\User\Local Sites\shopinzed\app\public\wp-includes\class-wp-hook.php on line 324
[11-Sep-2025 08:58:46 UTC] PHP Deprecated:  strip_tags(): Passing null to parameter #1 ($string) of type string is deprecated in C:\Users\User\Local Sites\shopinzed\app\public\wp-includes\theme.php on line 1964
[11-Sep-2025 08:59:29 UTC] PHP Deprecated:  strip_tags(): Passing null to parameter #1 ($string) of type string is deprecated in C:\Users\User\Local Sites\shopinzed\app\public\wp-includes\theme.php on line 1964
[11-Sep-2025 09:00:42 UTC] PHP Deprecated:  strip_tags(): Passing null to parameter #1 ($string) of type string is deprecated in C:\Users\User\Local Sites\shopinzed\app\public\wp-includes\theme.php on line 1964
[11-Sep-2025 09:03:23 UTC] PHP Deprecated:  strip_tags(): Passing null to parameter #1 ($string) of type string is deprecated in C:\Users\User\Local Sites\shopinzed\app\public\wp-includes\theme.php on line 1964
[11-Sep-2025 09:03:52 UTC] PHP Deprecated:  strip_tags(): Passing null to parameter #1 ($string) of type string is deprecated in C:\Users\User\Local Sites\shopinzed\app\public\wp-includes\theme.php on line 1964
[11-Sep-2025 09:04:19 UTC] PHP Deprecated:  strip_tags(): Passing null to parameter #1 ($string) of type string is deprecated in C:\Users\User\Local Sites\shopinzed\app\public\wp-includes\theme.php on line 1964
[12-Sep-2025 07:16:52 UTC] Automatic updates starting...
[12-Sep-2025 07:16:53 UTC]   Automatic plugin updates starting...
[12-Sep-2025 07:16:53 UTC] PHP Fatal error:  Uncaught TypeError: call_user_func_array(): Argument #1 ($callback) must be a valid callback, function "disable_woocommerce_auto_update" not found or invalid function name in C:\Users\User\Local Sites\shopinzed\app\public\wp-includes\class-wp-hook.php:324
Stack trace:
#0 C:\Users\User\Local Sites\shopinzed\app\public\wp-includes\plugin.php(205): WP_Hook->apply_filters(false, Array)
#1 C:\Users\User\Local Sites\shopinzed\app\public\wp-admin\includes\class-wp-automatic-updater.php(268): apply_filters('auto_update_plu...', false, Object(stdClass))
#2 C:\Users\User\Local Sites\shopinzed\app\public\wp-admin\includes\class-wp-automatic-updater.php(387): WP_Automatic_Updater->should_update('plugin', Object(stdClass), 'C:\\Users\\User\\L...')
#3 C:\Users\User\Local Sites\shopinzed\app\public\wp-admin\includes\class-wp-automatic-updater.php(676): WP_Automatic_Updater->update('plugin', Object(stdClass))
#4 C:\Users\User\Local Sites\shopinzed\app\public\wp-includes\update.php(861): WP_Automatic_Updater->run()
#5 C:\Users\User\Local Sites\shopinzed\app\public\wp-includes\class-wp-hook.php(324): wp_maybe_auto_update('')
#6 C:\Users\User\Local Sites\shopinzed\app\public\wp-includes\class-wp-hook.php(348): WP_Hook->apply_filters('', Array)
#7 C:\Users\User\Local Sites\shopinzed\app\public\wp-includes\plugin.php(517): WP_Hook->do_action(Array)
#8 C:\Users\User\Local Sites\shopinzed\app\public\wp-includes\update.php(304): do_action('wp_maybe_auto_u...')
#9 C:\Users\User\Local Sites\shopinzed\app\public\wp-includes\class-wp-hook.php(324): wp_version_check()
#10 C:\Users\User\Local Sites\shopinzed\app\public\wp-includes\class-wp-hook.php(348): WP_Hook->apply_filters('', Array)
#11 C:\Users\User\Local Sites\shopinzed\app\public\wp-includes\plugin.php(565): WP_Hook->do_action(Array)
#12 C:\Users\User\Local Sites\shopinzed\app\public\wp-cron.php(191): do_action_ref_array('wp_version_chec...', Array)
#13 {main}
  thrown in C:\Users\User\Local Sites\shopinzed\app\public\wp-includes\class-wp-hook.php on line 324
[12-Sep-2025 12:06:14 UTC] Automatic updates starting...
[12-Sep-2025 12:06:14 UTC]   Automatic plugin updates starting...
[12-Sep-2025 12:06:14 UTC] PHP Fatal error:  Uncaught TypeError: call_user_func_array(): Argument #1 ($callback) must be a valid callback, function "disable_woocommerce_auto_update" not found or invalid function name in C:\Users\User\Local Sites\shopinzed\app\public\wp-includes\class-wp-hook.php:324
Stack trace:
#0 C:\Users\User\Local Sites\shopinzed\app\public\wp-includes\plugin.php(205): WP_Hook->apply_filters(false, Array)
#1 C:\Users\User\Local Sites\shopinzed\app\public\wp-admin\includes\class-wp-automatic-updater.php(268): apply_filters('auto_update_plu...', false, Object(stdClass))
#2 C:\Users\User\Local Sites\shopinzed\app\public\wp-admin\includes\class-wp-automatic-updater.php(387): WP_Automatic_Updater->should_update('plugin', Object(stdClass), 'C:\\Users\\User\\L...')
#3 C:\Users\User\Local Sites\shopinzed\app\public\wp-admin\includes\class-wp-automatic-updater.php(676): WP_Automatic_Updater->update('plugin', Object(stdClass))
#4 C:\Users\User\Local Sites\shopinzed\app\public\wp-includes\update.php(861): WP_Automatic_Updater->run()
#5 C:\Users\User\Local Sites\shopinzed\app\public\wp-includes\class-wp-hook.php(324): wp_maybe_auto_update('')
#6 C:\Users\User\Local Sites\shopinzed\app\public\wp-includes\class-wp-hook.php(348): WP_Hook->apply_filters('', Array)
#7 C:\Users\User\Local Sites\shopinzed\app\public\wp-includes\plugin.php(517): WP_Hook->do_action(Array)
#8 C:\Users\User\Local Sites\shopinzed\app\public\wp-includes\update.php(304): do_action('wp_maybe_auto_u...')
#9 C:\Users\User\Local Sites\shopinzed\app\public\wp-includes\class-wp-hook.php(324): wp_version_check()
#10 C:\Users\User\Local Sites\shopinzed\app\public\wp-includes\class-wp-hook.php(348): WP_Hook->apply_filters('', Array)
#11 C:\Users\User\Local Sites\shopinzed\app\public\wp-includes\plugin.php(565): WP_Hook->do_action(Array)
#12 C:\Users\User\Local Sites\shopinzed\app\public\wp-cron.php(191): do_action_ref_array('wp_version_chec...', Array)
#13 {main}
  thrown in C:\Users\User\Local Sites\shopinzed\app\public\wp-includes\class-wp-hook.php on line 324
[12-Sep-2025 12:29:44 UTC] PHP Notice:  Function wp_enqueue_script() was called <strong>incorrectly</strong>. "wp-editor" script should not be enqueued together with the new widgets editor (wp-edit-widgets or wp-customize-widgets). Please see <a href="https://developer.wordpress.org/advanced-administration/debug/debug-wordpress/">Debugging in WordPress</a> for more information. (This message was added in version 5.8.0.) in C:\Users\User\Local Sites\shopinzed\app\public\wp-includes\functions.php on line 6121
[12-Sep-2025 12:56:51 UTC] PHP Deprecated:  strip_tags(): Passing null to parameter #1 ($string) of type string is deprecated in C:\Users\User\Local Sites\shopinzed\app\public\wp-includes\theme.php on line 1964
[12-Sep-2025 13:06:31 UTC] PHP Deprecated:  strip_tags(): Passing null to parameter #1 ($string) of type string is deprecated in C:\Users\User\Local Sites\shopinzed\app\public\wp-includes\theme.php on line 1964
[12-Sep-2025 13:06:40 UTC] PHP Deprecated:  strip_tags(): Passing null to parameter #1 ($string) of type string is deprecated in C:\Users\User\Local Sites\shopinzed\app\public\wp-includes\theme.php on line 1964
[12-Sep-2025 13:06:48 UTC] PHP Deprecated:  strip_tags(): Passing null to parameter #1 ($string) of type string is deprecated in C:\Users\User\Local Sites\shopinzed\app\public\wp-includes\theme.php on line 1964
[12-Sep-2025 13:07:31 UTC] PHP Deprecated:  strip_tags(): Passing null to parameter #1 ($string) of type string is deprecated in C:\Users\User\Local Sites\shopinzed\app\public\wp-includes\theme.php on line 1964
[12-Sep-2025 13:07:39 UTC] PHP Deprecated:  strip_tags(): Passing null to parameter #1 ($string) of type string is deprecated in C:\Users\User\Local Sites\shopinzed\app\public\wp-includes\theme.php on line 1964
[12-Sep-2025 13:07:47 UTC] PHP Deprecated:  strip_tags(): Passing null to parameter #1 ($string) of type string is deprecated in C:\Users\User\Local Sites\shopinzed\app\public\wp-includes\theme.php on line 1964
[12-Sep-2025 13:08:07 UTC] PHP Deprecated:  strip_tags(): Passing null to parameter #1 ($string) of type string is deprecated in C:\Users\User\Local Sites\shopinzed\app\public\wp-includes\theme.php on line 1964
[14-Sep-2025 19:37:29 UTC] Automatic updates starting...
[14-Sep-2025 19:37:30 UTC]   Automatic plugin updates starting...
[14-Sep-2025 19:37:30 UTC] PHP Fatal error:  Uncaught TypeError: call_user_func_array(): Argument #1 ($callback) must be a valid callback, function "disable_woocommerce_auto_update" not found or invalid function name in C:\Users\User\Local Sites\shopinzed\app\public\wp-includes\class-wp-hook.php:324
Stack trace:
#0 C:\Users\User\Local Sites\shopinzed\app\public\wp-includes\plugin.php(205): WP_Hook->apply_filters(false, Array)
#1 C:\Users\User\Local Sites\shopinzed\app\public\wp-admin\includes\class-wp-automatic-updater.php(268): apply_filters('auto_update_plu...', false, Object(stdClass))
#2 C:\Users\User\Local Sites\shopinzed\app\public\wp-admin\includes\class-wp-automatic-updater.php(387): WP_Automatic_Updater->should_update('plugin', Object(stdClass), 'C:\\Users\\User\\L...')
#3 C:\Users\User\Local Sites\shopinzed\app\public\wp-admin\includes\class-wp-automatic-updater.php(676): WP_Automatic_Updater->update('plugin', Object(stdClass))
#4 C:\Users\User\Local Sites\shopinzed\app\public\wp-includes\update.php(861): WP_Automatic_Updater->run()
#5 C:\Users\User\Local Sites\shopinzed\app\public\wp-includes\class-wp-hook.php(324): wp_maybe_auto_update('')
#6 C:\Users\User\Local Sites\shopinzed\app\public\wp-includes\class-wp-hook.php(348): WP_Hook->apply_filters('', Array)
#7 C:\Users\User\Local Sites\shopinzed\app\public\wp-includes\plugin.php(517): WP_Hook->do_action(Array)
#8 C:\Users\User\Local Sites\shopinzed\app\public\wp-includes\update.php(304): do_action('wp_maybe_auto_u...')
#9 C:\Users\User\Local Sites\shopinzed\app\public\wp-includes\class-wp-hook.php(324): wp_version_check()
#10 C:\Users\User\Local Sites\shopinzed\app\public\wp-includes\class-wp-hook.php(348): WP_Hook->apply_filters('', Array)
#11 C:\Users\User\Local Sites\shopinzed\app\public\wp-includes\plugin.php(565): WP_Hook->do_action(Array)
#12 C:\Users\User\Local Sites\shopinzed\app\public\wp-cron.php(191): do_action_ref_array('wp_version_chec...', Array)
#13 {main}
  thrown in C:\Users\User\Local Sites\shopinzed\app\public\wp-includes\class-wp-hook.php on line 324
[14-Sep-2025 19:46:13 UTC] PHP Fatal error:  Uncaught TypeError: call_user_func_array(): Argument #1 ($callback) must be a valid callback, function "disable_woocommerce_auto_update" not found or invalid function name in C:\Users\User\Local Sites\shopinzed\app\public\wp-includes\class-wp-hook.php:324
Stack trace:
#0 C:\Users\User\Local Sites\shopinzed\app\public\wp-includes\plugin.php(205): WP_Hook->apply_filters(true, Array)
#1 C:\Users\User\Local Sites\shopinzed\app\public\wp-admin\includes\update.php(1089): apply_filters('auto_update_plu...', true, Object(stdClass))
#2 C:\Users\User\Local Sites\shopinzed\app\public\wp-admin\includes\class-wp-site-health.php(3061): wp_is_auto_update_forced_for_item('plugin', true, Object(stdClass))
#3 C:\Users\User\Local Sites\shopinzed\app\public\wp-admin\includes\class-wp-site-health.php(1796): WP_Site_Health->detect_plugin_theme_auto_update_issues()
#4 C:\Users\User\Local Sites\shopinzed\app\public\wp-admin\includes\class-wp-site-health.php(194): WP_Site_Health->get_test_plugin_theme_auto_updates()
#5 C:\Users\User\Local Sites\shopinzed\app\public\wp-admin\includes\class-wp-site-health.php(3222): WP_Site_Health->perform_test(Array)
#6 C:\Users\User\Local Sites\shopinzed\app\public\wp-includes\class-wp-hook.php(324): WP_Site_Health->wp_cron_scheduled_check()
#7 C:\Users\User\Local Sites\shopinzed\app\public\wp-includes\class-wp-hook.php(348): WP_Hook->apply_filters('', Array)
#8 C:\Users\User\Local Sites\shopinzed\app\public\wp-includes\plugin.php(565): WP_Hook->do_action(Array)
#9 C:\Users\User\Local Sites\shopinzed\app\public\wp-cron.php(191): do_action_ref_array('wp_site_health_...', Array)
#10 {main}
  thrown in C:\Users\User\Local Sites\shopinzed\app\public\wp-includes\class-wp-hook.php on line 324
[14-Sep-2025 20:14:12 UTC] PHP Warning:  wp_version_check(): An unexpected error occurred. Something may be wrong with WordPress.org or this server&#8217;s configuration. If you continue to have problems, please try the <a href="https://wordpress.org/support/forums/">support forums</a>. (WordPress could not establish a secure connection to WordPress.org. Please contact your server administrator.) in C:\Users\User\Local Sites\shopinzed\app\public\wp-includes\functions.php on line 6121
[14-Sep-2025 20:47:43 UTC] PHP Deprecated:  strip_tags(): Passing null to parameter #1 ($string) of type string is deprecated in C:\Users\User\Local Sites\shopinzed\app\public\wp-admin\admin-header.php on line 41
[14-Sep-2025 20:49:40 UTC] PHP Deprecated:  strip_tags(): Passing null to parameter #1 ($string) of type string is deprecated in C:\Users\User\Local Sites\shopinzed\app\public\wp-admin\admin-header.php on line 41
[14-Sep-2025 21:02:20 UTC] PHP Deprecated:  strip_tags(): Passing null to parameter #1 ($string) of type string is deprecated in C:\Users\User\Local Sites\shopinzed\app\public\wp-admin\admin-header.php on line 41
[14-Sep-2025 21:11:55 UTC] PHP Deprecated:  preg_match(): Passing null to parameter #2 ($subject) of type string is deprecated in C:\Users\User\Local Sites\shopinzed\app\public\wp-includes\class-wp-block-parser.php on line 247
[14-Sep-2025 21:11:55 UTC] PHP Deprecated:  strlen(): Passing null to parameter #1 ($string) of type string is deprecated in C:\Users\User\Local Sites\shopinzed\app\public\wp-includes\class-wp-block-parser.php on line 324
[14-Sep-2025 21:19:42 UTC] PHP Deprecated:  preg_match(): Passing null to parameter #2 ($subject) of type string is deprecated in C:\Users\User\Local Sites\shopinzed\app\public\wp-includes\class-wp-block-parser.php on line 247
[14-Sep-2025 21:19:42 UTC] PHP Deprecated:  strlen(): Passing null to parameter #1 ($string) of type string is deprecated in C:\Users\User\Local Sites\shopinzed\app\public\wp-includes\class-wp-block-parser.php on line 324
[14-Sep-2025 21:21:08 UTC] PHP Deprecated:  preg_match(): Passing null to parameter #2 ($subject) of type string is deprecated in C:\Users\User\Local Sites\shopinzed\app\public\wp-includes\class-wp-block-parser.php on line 247
[14-Sep-2025 21:21:08 UTC] PHP Deprecated:  strlen(): Passing null to parameter #1 ($string) of type string is deprecated in C:\Users\User\Local Sites\shopinzed\app\public\wp-includes\class-wp-block-parser.php on line 324
[14-Sep-2025 21:22:33 UTC] PHP Deprecated:  preg_match(): Passing null to parameter #2 ($subject) of type string is deprecated in C:\Users\User\Local Sites\shopinzed\app\public\wp-includes\class-wp-block-parser.php on line 247
[14-Sep-2025 21:22:33 UTC] PHP Deprecated:  strlen(): Passing null to parameter #1 ($string) of type string is deprecated in C:\Users\User\Local Sites\shopinzed\app\public\wp-includes\class-wp-block-parser.php on line 324
[14-Sep-2025 21:22:41 UTC] PHP Deprecated:  preg_match(): Passing null to parameter #2 ($subject) of type string is deprecated in C:\Users\User\Local Sites\shopinzed\app\public\wp-includes\class-wp-block-parser.php on line 247
[14-Sep-2025 21:22:41 UTC] PHP Deprecated:  strlen(): Passing null to parameter #1 ($string) of type string is deprecated in C:\Users\User\Local Sites\shopinzed\app\public\wp-includes\class-wp-block-parser.php on line 324
[14-Sep-2025 21:23:24 UTC] PHP Deprecated:  preg_match(): Passing null to parameter #2 ($subject) of type string is deprecated in C:\Users\User\Local Sites\shopinzed\app\public\wp-includes\class-wp-block-parser.php on line 247
[14-Sep-2025 21:23:24 UTC] PHP Deprecated:  strlen(): Passing null to parameter #1 ($string) of type string is deprecated in C:\Users\User\Local Sites\shopinzed\app\public\wp-includes\class-wp-block-parser.php on line 324
[14-Sep-2025 21:23:46 UTC] PHP Deprecated:  preg_match(): Passing null to parameter #2 ($subject) of type string is deprecated in C:\Users\User\Local Sites\shopinzed\app\public\wp-includes\class-wp-block-parser.php on line 247
[14-Sep-2025 21:23:46 UTC] PHP Deprecated:  strlen(): Passing null to parameter #1 ($string) of type string is deprecated in C:\Users\User\Local Sites\shopinzed\app\public\wp-includes\class-wp-block-parser.php on line 324
[14-Sep-2025 21:37:00 UTC] PHP Deprecated:  preg_match(): Passing null to parameter #2 ($subject) of type string is deprecated in C:\Users\User\Local Sites\shopinzed\app\public\wp-includes\class-wp-block-parser.php on line 247
[14-Sep-2025 21:37:00 UTC] PHP Deprecated:  strlen(): Passing null to parameter #1 ($string) of type string is deprecated in C:\Users\User\Local Sites\shopinzed\app\public\wp-includes\class-wp-block-parser.php on line 324
[14-Sep-2025 21:37:20 UTC] PHP Deprecated:  preg_match(): Passing null to parameter #2 ($subject) of type string is deprecated in C:\Users\User\Local Sites\shopinzed\app\public\wp-includes\class-wp-block-parser.php on line 247
[14-Sep-2025 21:37:20 UTC] PHP Deprecated:  strlen(): Passing null to parameter #1 ($string) of type string is deprecated in C:\Users\User\Local Sites\shopinzed\app\public\wp-includes\class-wp-block-parser.php on line 324
[14-Sep-2025 21:41:12 UTC] PHP Deprecated:  preg_match(): Passing null to parameter #2 ($subject) of type string is deprecated in C:\Users\User\Local Sites\shopinzed\app\public\wp-includes\class-wp-block-parser.php on line 247
[14-Sep-2025 21:41:12 UTC] PHP Deprecated:  strlen(): Passing null to parameter #1 ($string) of type string is deprecated in C:\Users\User\Local Sites\shopinzed\app\public\wp-includes\class-wp-block-parser.php on line 324
[14-Sep-2025 21:44:02 UTC] PHP Deprecated:  preg_match(): Passing null to parameter #2 ($subject) of type string is deprecated in C:\Users\User\Local Sites\shopinzed\app\public\wp-includes\class-wp-block-parser.php on line 247
[14-Sep-2025 21:44:02 UTC] PHP Deprecated:  strlen(): Passing null to parameter #1 ($string) of type string is deprecated in C:\Users\User\Local Sites\shopinzed\app\public\wp-includes\class-wp-block-parser.php on line 324
[14-Sep-2025 21:44:21 UTC] PHP Deprecated:  preg_match(): Passing null to parameter #2 ($subject) of type string is deprecated in C:\Users\User\Local Sites\shopinzed\app\public\wp-includes\class-wp-block-parser.php on line 247
[14-Sep-2025 21:44:21 UTC] PHP Deprecated:  strlen(): Passing null to parameter #1 ($string) of type string is deprecated in C:\Users\User\Local Sites\shopinzed\app\public\wp-includes\class-wp-block-parser.php on line 324
[14-Sep-2025 21:44:40 UTC] PHP Deprecated:  preg_match(): Passing null to parameter #2 ($subject) of type string is deprecated in C:\Users\User\Local Sites\shopinzed\app\public\wp-includes\class-wp-block-parser.php on line 247
[14-Sep-2025 21:44:40 UTC] PHP Deprecated:  strlen(): Passing null to parameter #1 ($string) of type string is deprecated in C:\Users\User\Local Sites\shopinzed\app\public\wp-includes\class-wp-block-parser.php on line 324
[14-Sep-2025 21:47:23 UTC] PHP Deprecated:  preg_match(): Passing null to parameter #2 ($subject) of type string is deprecated in C:\Users\User\Local Sites\shopinzed\app\public\wp-includes\class-wp-block-parser.php on line 247
[14-Sep-2025 21:47:23 UTC] PHP Deprecated:  strlen(): Passing null to parameter #1 ($string) of type string is deprecated in C:\Users\User\Local Sites\shopinzed\app\public\wp-includes\class-wp-block-parser.php on line 324
[15-Sep-2025 07:13:32 UTC] Automatic updates starting...
[15-Sep-2025 07:13:33 UTC]   Automatic plugin updates starting...
[15-Sep-2025 07:13:33 UTC] PHP Fatal error:  Uncaught TypeError: call_user_func_array(): Argument #1 ($callback) must be a valid callback, function "disable_woocommerce_auto_update" not found or invalid function name in C:\Users\User\Local Sites\shopinzed\app\public\wp-includes\class-wp-hook.php:324
Stack trace:
#0 C:\Users\User\Local Sites\shopinzed\app\public\wp-includes\plugin.php(205): WP_Hook->apply_filters(false, Array)
#1 C:\Users\User\Local Sites\shopinzed\app\public\wp-admin\includes\class-wp-automatic-updater.php(268): apply_filters('auto_update_plu...', false, Object(stdClass))
#2 C:\Users\User\Local Sites\shopinzed\app\public\wp-admin\includes\class-wp-automatic-updater.php(387): WP_Automatic_Updater->should_update('plugin', Object(stdClass), 'C:\\Users\\User\\L...')
#3 C:\Users\User\Local Sites\shopinzed\app\public\wp-admin\includes\class-wp-automatic-updater.php(676): WP_Automatic_Updater->update('plugin', Object(stdClass))
#4 C:\Users\User\Local Sites\shopinzed\app\public\wp-includes\update.php(861): WP_Automatic_Updater->run()
#5 C:\Users\User\Local Sites\shopinzed\app\public\wp-includes\class-wp-hook.php(324): wp_maybe_auto_update('')
#6 C:\Users\User\Local Sites\shopinzed\app\public\wp-includes\class-wp-hook.php(348): WP_Hook->apply_filters('', Array)
#7 C:\Users\User\Local Sites\shopinzed\app\public\wp-includes\plugin.php(517): WP_Hook->do_action(Array)
#8 C:\Users\User\Local Sites\shopinzed\app\public\wp-includes\update.php(304): do_action('wp_maybe_auto_u...')
#9 C:\Users\User\Local Sites\shopinzed\app\public\wp-includes\class-wp-hook.php(324): wp_version_check()
#10 C:\Users\User\Local Sites\shopinzed\app\public\wp-includes\class-wp-hook.php(348): WP_Hook->apply_filters('', Array)
#11 C:\Users\User\Local Sites\shopinzed\app\public\wp-includes\plugin.php(565): WP_Hook->do_action(Array)
#12 C:\Users\User\Local Sites\shopinzed\app\public\wp-cron.php(191): do_action_ref_array('wp_version_chec...', Array)
#13 {main}
  thrown in C:\Users\User\Local Sites\shopinzed\app\public\wp-includes\class-wp-hook.php on line 324
[15-Sep-2025 12:20:00 UTC] Automatic updates starting...
[15-Sep-2025 12:20:00 UTC]   Automatic plugin updates starting...
[15-Sep-2025 12:20:00 UTC] PHP Fatal error:  Uncaught TypeError: call_user_func_array(): Argument #1 ($callback) must be a valid callback, function "disable_woocommerce_auto_update" not found or invalid function name in C:\Users\User\Local Sites\shopinzed\app\public\wp-includes\class-wp-hook.php:324
Stack trace:
#0 C:\Users\User\Local Sites\shopinzed\app\public\wp-includes\plugin.php(205): WP_Hook->apply_filters(false, Array)
#1 C:\Users\User\Local Sites\shopinzed\app\public\wp-admin\includes\class-wp-automatic-updater.php(268): apply_filters('auto_update_plu...', false, Object(stdClass))
#2 C:\Users\User\Local Sites\shopinzed\app\public\wp-admin\includes\class-wp-automatic-updater.php(387): WP_Automatic_Updater->should_update('plugin', Object(stdClass), 'C:\\Users\\User\\L...')
#3 C:\Users\User\Local Sites\shopinzed\app\public\wp-admin\includes\class-wp-automatic-updater.php(676): WP_Automatic_Updater->update('plugin', Object(stdClass))
#4 C:\Users\User\Local Sites\shopinzed\app\public\wp-includes\update.php(861): WP_Automatic_Updater->run()
#5 C:\Users\User\Local Sites\shopinzed\app\public\wp-includes\class-wp-hook.php(324): wp_maybe_auto_update('')
#6 C:\Users\User\Local Sites\shopinzed\app\public\wp-includes\class-wp-hook.php(348): WP_Hook->apply_filters('', Array)
#7 C:\Users\User\Local Sites\shopinzed\app\public\wp-includes\plugin.php(517): WP_Hook->do_action(Array)
#8 C:\Users\User\Local Sites\shopinzed\app\public\wp-includes\update.php(304): do_action('wp_maybe_auto_u...')
#9 C:\Users\User\Local Sites\shopinzed\app\public\wp-includes\class-wp-hook.php(324): wp_version_check()
#10 C:\Users\User\Local Sites\shopinzed\app\public\wp-includes\class-wp-hook.php(348): WP_Hook->apply_filters('', Array)
#11 C:\Users\User\Local Sites\shopinzed\app\public\wp-includes\plugin.php(565): WP_Hook->do_action(Array)
#12 C:\Users\User\Local Sites\shopinzed\app\public\wp-cron.php(191): do_action_ref_array('wp_version_chec...', Array)
#13 {main}
  thrown in C:\Users\User\Local Sites\shopinzed\app\public\wp-includes\class-wp-hook.php on line 324
[15-Sep-2025 12:20:12 UTC] PHP Deprecated:  strip_tags(): Passing null to parameter #1 ($string) of type string is deprecated in C:\Users\User\Local Sites\shopinzed\app\public\wp-includes\theme.php on line 1964
[15-Sep-2025 17:03:21 UTC] PHP Deprecated:  strip_tags(): Passing null to parameter #1 ($string) of type string is deprecated in C:\Users\User\Local Sites\shopinzed\app\public\wp-includes\theme.php on line 1964
[15-Sep-2025 17:03:25 UTC] Automatic updates starting...
[15-Sep-2025 17:03:26 UTC]   Automatic plugin updates starting...
[15-Sep-2025 17:03:26 UTC]   Automatic plugin updates complete.
[15-Sep-2025 17:03:27 UTC]   Automatic theme updates starting...
[15-Sep-2025 17:03:27 UTC]   Automatic theme updates complete.
[15-Sep-2025 17:03:27 UTC] Automatic updates complete.
[15-Sep-2025 21:54:45 UTC] PHP Deprecated:  preg_match(): Passing null to parameter #2 ($subject) of type string is deprecated in C:\Users\User\Local Sites\shopinzed\app\public\wp-includes\class-wp-block-parser.php on line 247
[15-Sep-2025 21:54:45 UTC] PHP Deprecated:  strlen(): Passing null to parameter #1 ($string) of type string is deprecated in C:\Users\User\Local Sites\shopinzed\app\public\wp-includes\class-wp-block-parser.php on line 324
[15-Sep-2025 21:54:49 UTC] PHP Deprecated:  strip_tags(): Passing null to parameter #1 ($string) of type string is deprecated in C:\Users\User\Local Sites\shopinzed\app\public\wp-includes\theme.php on line 1964
[15-Sep-2025 22:14:50 UTC] PHP Deprecated:  strip_tags(): Passing null to parameter #1 ($string) of type string is deprecated in C:\Users\User\Local Sites\shopinzed\app\public\wp-includes\theme.php on line 1964
[15-Sep-2025 22:14:50 UTC] PHP Parse error:  syntax error, unexpected token "endif" in C:\Users\User\Local Sites\shopinzed\app\public\wp-content\themes\oceanwp\partials\topbar\content.php on line 94
[15-Sep-2025 22:15:17 UTC] PHP Deprecated:  strip_tags(): Passing null to parameter #1 ($string) of type string is deprecated in C:\Users\User\Local Sites\shopinzed\app\public\wp-includes\theme.php on line 1964
[15-Sep-2025 22:15:18 UTC] PHP Parse error:  syntax error, unexpected token "endif" in C:\Users\User\Local Sites\shopinzed\app\public\wp-content\themes\oceanwp\partials\topbar\content.php on line 94
[15-Sep-2025 22:16:06 UTC] PHP Parse error:  syntax error, unexpected token "endif" in C:\Users\User\Local Sites\shopinzed\app\public\wp-content\themes\oceanwp\partials\topbar\content.php on line 94
[15-Sep-2025 22:18:02 UTC] PHP Parse error:  syntax error, unexpected token "endif" in C:\Users\User\Local Sites\shopinzed\app\public\wp-content\themes\oceanwp\partials\topbar\content.php on line 94
[15-Sep-2025 22:24:33 UTC] PHP Warning:  mysqli_real_connect(): (HY000/2002): No connection could be made because the target machine actively refused it in C:\Users\User\Local Sites\shopinzed\app\public\wp-includes\class-wpdb.php on line 1988
[15-Sep-2025 22:24:34 UTC] PHP Warning:  mysqli_real_connect(): (HY000/2002): No connection could be made because the target machine actively refused it in C:\Users\User\Local Sites\shopinzed\app\public\wp-includes\class-wpdb.php on line 1988
[15-Sep-2025 22:24:34 UTC] PHP Warning:  mysqli_real_connect(): (HY000/2002): No connection could be made because the target machine actively refused it in C:\Users\User\Local Sites\shopinzed\app\public\wp-includes\class-wpdb.php on line 1988
[15-Sep-2025 22:25:51 UTC] PHP Parse error:  syntax error, unexpected token "endif" in C:\Users\User\Local Sites\shopinzed\app\public\wp-content\themes\oceanwp\partials\topbar\content.php on line 94
[15-Sep-2025 22:42:06 UTC] PHP Parse error:  syntax error, unexpected token "<", expecting end of file in C:\Users\User\Local Sites\shopinzed\app\public\wp-content\themes\oceanwp\partials\topbar\layout.php on line 46
[15-Sep-2025 22:42:38 UTC] PHP Parse error:  syntax error, unexpected token "<", expecting end of file in C:\Users\User\Local Sites\shopinzed\app\public\wp-content\themes\oceanwp\partials\topbar\layout.php on line 45
[15-Sep-2025 22:42:41 UTC] PHP Parse error:  syntax error, unexpected token "<", expecting end of file in C:\Users\User\Local Sites\shopinzed\app\public\wp-content\themes\oceanwp\partials\topbar\layout.php on line 45
[15-Sep-2025 22:44:49 UTC] Automatic updates starting...
[15-Sep-2025 22:44:50 UTC]   Automatic plugin updates starting...
[15-Sep-2025 22:44:51 UTC]   Automatic plugin updates complete.
[15-Sep-2025 22:44:52 UTC]   Automatic theme updates starting...
[15-Sep-2025 22:44:52 UTC]   Automatic theme updates complete.
[15-Sep-2025 22:44:52 UTC] Automatic updates complete.
[17-Sep-2025 14:25:21 UTC] PHP Deprecated:  preg_match(): Passing null to parameter #2 ($subject) of type string is deprecated in C:\Users\User\Local Sites\shopinzed\app\public\wp-includes\class-wp-block-parser.php on line 247
[17-Sep-2025 14:25:21 UTC] PHP Deprecated:  strlen(): Passing null to parameter #1 ($string) of type string is deprecated in C:\Users\User\Local Sites\shopinzed\app\public\wp-includes\class-wp-block-parser.php on line 324
[17-Sep-2025 15:07:35 UTC] PHP Notice:  Function wp_enqueue_script() was called <strong>incorrectly</strong>. "wp-editor" script should not be enqueued together with the new widgets editor (wp-edit-widgets or wp-customize-widgets). Please see <a href="https://developer.wordpress.org/advanced-administration/debug/debug-wordpress/">Debugging in WordPress</a> for more information. (This message was added in version 5.8.0.) in C:\Users\User\Local Sites\shopinzed\app\public\wp-includes\functions.php on line 6121
[18-Sep-2025 20:34:49 UTC] Automatic updates starting...
[18-Sep-2025 20:34:51 UTC]   Automatic plugin updates starting...
[18-Sep-2025 20:34:51 UTC]   Automatic plugin updates complete.
[18-Sep-2025 20:34:52 UTC]   Automatic theme updates starting...
[18-Sep-2025 20:34:52 UTC]   Automatic theme updates complete.
[18-Sep-2025 20:34:52 UTC] Automatic updates complete.
[19-Sep-2025 06:23:25 UTC] Automatic updates starting...
[19-Sep-2025 06:23:26 UTC]   Automatic plugin updates starting...
[19-Sep-2025 06:23:26 UTC]   Automatic plugin updates complete.
[19-Sep-2025 06:23:28 UTC]   Automatic theme updates starting...
[19-Sep-2025 06:23:28 UTC]   Automatic theme updates complete.
[19-Sep-2025 06:23:28 UTC] Automatic updates complete.
[19-Sep-2025 22:11:23 UTC] Automatic updates starting...
[19-Sep-2025 22:11:24 UTC]   Automatic plugin updates starting...
[19-Sep-2025 22:11:24 UTC]   Automatic plugin updates complete.
[19-Sep-2025 22:11:25 UTC]   Automatic theme updates starting...
[19-Sep-2025 22:11:25 UTC]   Automatic theme updates complete.
[19-Sep-2025 22:11:25 UTC] Automatic updates complete.
[19-Sep-2025 22:11:29 UTC] PHP Deprecated:  preg_match(): Passing null to parameter #2 ($subject) of type string is deprecated in C:\Users\User\Local Sites\shopinzed\app\public\wp-includes\class-wp-block-parser.php on line 247
[19-Sep-2025 22:11:29 UTC] PHP Deprecated:  strlen(): Passing null to parameter #1 ($string) of type string is deprecated in C:\Users\User\Local Sites\shopinzed\app\public\wp-includes\class-wp-block-parser.php on line 324
[19-Sep-2025 22:12:07 UTC] PHP Deprecated:  preg_match(): Passing null to parameter #2 ($subject) of type string is deprecated in C:\Users\User\Local Sites\shopinzed\app\public\wp-includes\class-wp-block-parser.php on line 247
[19-Sep-2025 22:12:07 UTC] PHP Deprecated:  strlen(): Passing null to parameter #1 ($string) of type string is deprecated in C:\Users\User\Local Sites\shopinzed\app\public\wp-includes\class-wp-block-parser.php on line 324
[19-Sep-2025 22:13:39 UTC] PHP Deprecated:  preg_match(): Passing null to parameter #2 ($subject) of type string is deprecated in C:\Users\User\Local Sites\shopinzed\app\public\wp-includes\class-wp-block-parser.php on line 247
[19-Sep-2025 22:13:39 UTC] PHP Deprecated:  strlen(): Passing null to parameter #1 ($string) of type string is deprecated in C:\Users\User\Local Sites\shopinzed\app\public\wp-includes\class-wp-block-parser.php on line 324
[19-Sep-2025 22:44:42 UTC] Automatic updates starting...
[19-Sep-2025 22:44:42 UTC]   Automatic plugin updates starting...
[19-Sep-2025 22:44:42 UTC]   Automatic plugin updates complete.
[19-Sep-2025 22:44:42 UTC]   Automatic theme updates starting...
[19-Sep-2025 22:44:42 UTC]   Automatic theme updates complete.
[19-Sep-2025 22:44:42 UTC] Automatic updates complete.
[19-Sep-2025 23:20:34 UTC] PHP Fatal error:  Uncaught Error: Call to a member function get_gallery_image_ids() on bool in C:\Users\User\Local Sites\shopinzed\app\public\wp-content\plugins\elementor\modules\ai\module.php:351
Stack trace:
#0 C:\Users\User\Local Sites\shopinzed\app\public\wp-includes\class-wp-hook.php(324): Elementor\Modules\Ai\Module->get_product_images_ajax('')
#1 C:\Users\User\Local Sites\shopinzed\app\public\wp-includes\class-wp-hook.php(348): WP_Hook->apply_filters('', Array)
#2 C:\Users\User\Local Sites\shopinzed\app\public\wp-includes\plugin.php(517): WP_Hook->do_action(Array)
#3 C:\Users\User\Local Sites\shopinzed\app\public\wp-admin\admin-ajax.php(192): do_action('wp_ajax_element...')
#4 {main}
  thrown in C:\Users\User\Local Sites\shopinzed\app\public\wp-content\plugins\elementor\modules\ai\module.php on line 351
[19-Sep-2025 23:50:06 UTC] PHP Notice:  Function _load_textdomain_just_in_time was called <strong>incorrectly</strong>. Translation loading for the <code>gutentor</code> domain was triggered too early. This is usually an indicator for some code in the plugin or theme running too early. Translations should be loaded at the <code>init</code> action or later. Please see <a href="https://developer.wordpress.org/advanced-administration/debug/debug-wordpress/">Debugging in WordPress</a> for more information. (This message was added in version 6.7.0.) in C:\Users\User\Local Sites\shopinzed\app\public\wp-includes\functions.php on line 6121
[19-Sep-2025 23:50:06 UTC] PHP Notice:  Function _load_textdomain_just_in_time was called <strong>incorrectly</strong>. Translation loading for the <code>woocommerce</code> domain was triggered too early. This is usually an indicator for some code in the plugin or theme running too early. Translations should be loaded at the <code>init</code> action or later. Please see <a href="https://developer.wordpress.org/advanced-administration/debug/debug-wordpress/">Debugging in WordPress</a> for more information. (This message was added in version 6.7.0.) in C:\Users\User\Local Sites\shopinzed\app\public\wp-includes\functions.php on line 6121
[19-Sep-2025 23:52:53 UTC] PHP Deprecated:  strtotime(): Passing null to parameter #1 ($datetime) of type string is deprecated in C:\Users\User\Local Sites\shopinzed\app\public\wp-content\plugins\woolentor-addons\woolentor-blocks\includes\classes\Api\Api.php on line 272
[19-Sep-2025 23:52:53 UTC] PHP Deprecated:  strtotime(): Passing null to parameter #1 ($datetime) of type string is deprecated in C:\Users\User\Local Sites\shopinzed\app\public\wp-content\plugins\woolentor-addons\woolentor-blocks\includes\classes\Api\Api.php on line 272
[19-Sep-2025 23:52:53 UTC] PHP Deprecated:  strtotime(): Passing null to parameter #1 ($datetime) of type string is deprecated in C:\Users\User\Local Sites\shopinzed\app\public\wp-content\plugins\woolentor-addons\woolentor-blocks\includes\classes\Api\Api.php on line 272
[19-Sep-2025 23:52:53 UTC] PHP Deprecated:  strtotime(): Passing null to parameter #1 ($datetime) of type string is deprecated in C:\Users\User\Local Sites\shopinzed\app\public\wp-content\plugins\woolentor-addons\woolentor-blocks\includes\classes\Api\Api.php on line 272
[20-Sep-2025 12:28:01 UTC] PHP Fatal error:  Uncaught TypeError: call_user_func_array(): Argument #1 ($callback) must be a valid callback, function "disable_woocommerce_auto_update" not found or invalid function name in C:\Users\User\Local Sites\shopinzed\app\public\wp-includes\class-wp-hook.php:324
Stack trace:
#0 C:\Users\User\Local Sites\shopinzed\app\public\wp-includes\plugin.php(205): WP_Hook->apply_filters(true, Array)
#1 C:\Users\User\Local Sites\shopinzed\app\public\wp-admin\includes\update.php(1089): apply_filters('auto_update_plu...', true, Object(stdClass))
#2 C:\Users\User\Local Sites\shopinzed\app\public\wp-admin\includes\class-wp-site-health.php(3061): wp_is_auto_update_forced_for_item('plugin', true, Object(stdClass))
#3 C:\Users\User\Local Sites\shopinzed\app\public\wp-admin\includes\class-wp-site-health.php(1796): WP_Site_Health->detect_plugin_theme_auto_update_issues()
#4 C:\Users\User\Local Sites\shopinzed\app\public\wp-admin\includes\class-wp-site-health.php(194): WP_Site_Health->get_test_plugin_theme_auto_updates()
#5 C:\Users\User\Local Sites\shopinzed\app\public\wp-admin\includes\class-wp-site-health.php(3222): WP_Site_Health->perform_test(Array)
#6 C:\Users\User\Local Sites\shopinzed\app\public\wp-includes\class-wp-hook.php(324): WP_Site_Health->wp_cron_scheduled_check()
#7 C:\Users\User\Local Sites\shopinzed\app\public\wp-includes\class-wp-hook.php(348): WP_Hook->apply_filters('', Array)
#8 C:\Users\User\Local Sites\shopinzed\app\public\wp-includes\plugin.php(565): WP_Hook->do_action(Array)
#9 C:\Users\User\Local Sites\shopinzed\app\public\wp-cron.php(191): do_action_ref_array('wp_site_health_...', Array)
#10 {main}
  thrown in C:\Users\User\Local Sites\shopinzed\app\public\wp-includes\class-wp-hook.php on line 324
[20-Sep-2025 12:28:01 UTC] PHP Warning:  wp_version_check(): An unexpected error occurred. Something may be wrong with WordPress.org or this server&#8217;s configuration. If you continue to have problems, please try the <a href="https://wordpress.org/support/forums/">support forums</a>. (WordPress could not establish a secure connection to WordPress.org. Please contact your server administrator.) in C:\Users\User\Local Sites\shopinzed\app\public\wp-includes\functions.php on line 6121
[20-Sep-2025 12:28:01 UTC] PHP Warning:  wp_update_plugins(): An unexpected error occurred. Something may be wrong with WordPress.org or this server&#8217;s configuration. If you continue to have problems, please try the <a href="https://wordpress.org/support/forums/">support forums</a>. (WordPress could not establish a secure connection to WordPress.org. Please contact your server administrator.) in C:\Users\User\Local Sites\shopinzed\app\public\wp-includes\functions.php on line 6121
[20-Sep-2025 12:28:01 UTC] PHP Warning:  wp_update_themes(): An unexpected error occurred. Something may be wrong with WordPress.org or this server&#8217;s configuration. If you continue to have problems, please try the <a href="https://wordpress.org/support/forums/">support forums</a>. (WordPress could not establish a secure connection to WordPress.org. Please contact your server administrator.) in C:\Users\User\Local Sites\shopinzed\app\public\wp-includes\functions.php on line 6121
[20-Sep-2025 12:28:02 UTC] Invalid url passed to get_utm_ready_link function
[20-Sep-2025 12:28:02 UTC] Invalid url passed to get_utm_ready_link function
[20-Sep-2025 12:28:02 UTC] Invalid url passed to get_utm_ready_link function
[20-Sep-2025 12:29:15 UTC] PHP Warning:  wp_version_check(): An unexpected error occurred. Something may be wrong with WordPress.org or this server&#8217;s configuration. If you continue to have problems, please try the <a href="https://wordpress.org/support/forums/">support forums</a>. (WordPress could not establish a secure connection to WordPress.org. Please contact your server administrator.) in C:\Users\User\Local Sites\shopinzed\app\public\wp-includes\functions.php on line 6121
[20-Sep-2025 20:54:38 UTC] PHP Deprecated:  preg_match(): Passing null to parameter #2 ($subject) of type string is deprecated in C:\Users\User\Local Sites\shopinzed\app\public\wp-includes\class-wp-block-parser.php on line 247
[20-Sep-2025 20:54:38 UTC] PHP Deprecated:  strlen(): Passing null to parameter #1 ($string) of type string is deprecated in C:\Users\User\Local Sites\shopinzed\app\public\wp-includes\class-wp-block-parser.php on line 324
[20-Sep-2025 21:16:10 UTC] PHP Deprecated:  strtotime(): Passing null to parameter #1 ($datetime) of type string is deprecated in C:\Users\User\Local Sites\shopinzed\app\public\wp-content\plugins\woolentor-addons\woolentor-blocks\includes\classes\Api\Api.php on line 272
[20-Sep-2025 21:16:10 UTC] PHP Deprecated:  strtotime(): Passing null to parameter #1 ($datetime) of type string is deprecated in C:\Users\User\Local Sites\shopinzed\app\public\wp-content\plugins\woolentor-addons\woolentor-blocks\includes\classes\Api\Api.php on line 272
[20-Sep-2025 21:16:10 UTC] PHP Deprecated:  strtotime(): Passing null to parameter #1 ($datetime) of type string is deprecated in C:\Users\User\Local Sites\shopinzed\app\public\wp-content\plugins\woolentor-addons\woolentor-blocks\includes\classes\Api\Api.php on line 272
[20-Sep-2025 21:16:11 UTC] PHP Deprecated:  strtotime(): Passing null to parameter #1 ($datetime) of type string is deprecated in C:\Users\User\Local Sites\shopinzed\app\public\wp-content\plugins\woolentor-addons\woolentor-blocks\includes\classes\Api\Api.php on line 272
[20-Sep-2025 21:16:13 UTC] PHP Deprecated:  strtotime(): Passing null to parameter #1 ($datetime) of type string is deprecated in C:\Users\User\Local Sites\shopinzed\app\public\wp-content\plugins\woolentor-addons\woolentor-blocks\includes\classes\Api\Api.php on line 272
[20-Sep-2025 21:16:13 UTC] PHP Deprecated:  strtotime(): Passing null to parameter #1 ($datetime) of type string is deprecated in C:\Users\User\Local Sites\shopinzed\app\public\wp-content\plugins\woolentor-addons\woolentor-blocks\includes\classes\Api\Api.php on line 272
[20-Sep-2025 21:16:13 UTC] PHP Deprecated:  strtotime(): Passing null to parameter #1 ($datetime) of type string is deprecated in C:\Users\User\Local Sites\shopinzed\app\public\wp-content\plugins\woolentor-addons\woolentor-blocks\includes\classes\Api\Api.php on line 272
[20-Sep-2025 21:16:13 UTC] PHP Deprecated:  strtotime(): Passing null to parameter #1 ($datetime) of type string is deprecated in C:\Users\User\Local Sites\shopinzed\app\public\wp-content\plugins\woolentor-addons\woolentor-blocks\includes\classes\Api\Api.php on line 272
[20-Sep-2025 21:16:16 UTC] PHP Deprecated:  strtotime(): Passing null to parameter #1 ($datetime) of type string is deprecated in C:\Users\User\Local Sites\shopinzed\app\public\wp-content\plugins\woolentor-addons\woolentor-blocks\includes\classes\Api\Api.php on line 272
[20-Sep-2025 21:16:16 UTC] PHP Deprecated:  strtotime(): Passing null to parameter #1 ($datetime) of type string is deprecated in C:\Users\User\Local Sites\shopinzed\app\public\wp-content\plugins\woolentor-addons\woolentor-blocks\includes\classes\Api\Api.php on line 272
[20-Sep-2025 21:16:16 UTC] PHP Deprecated:  strtotime(): Passing null to parameter #1 ($datetime) of type string is deprecated in C:\Users\User\Local Sites\shopinzed\app\public\wp-content\plugins\woolentor-addons\woolentor-blocks\includes\classes\Api\Api.php on line 272
[20-Sep-2025 21:16:16 UTC] PHP Deprecated:  strtotime(): Passing null to parameter #1 ($datetime) of type string is deprecated in C:\Users\User\Local Sites\shopinzed\app\public\wp-content\plugins\woolentor-addons\woolentor-blocks\includes\classes\Api\Api.php on line 272
[20-Sep-2025 21:16:16 UTC] PHP Deprecated:  strtotime(): Passing null to parameter #1 ($datetime) of type string is deprecated in C:\Users\User\Local Sites\shopinzed\app\public\wp-content\plugins\woolentor-addons\woolentor-blocks\includes\classes\Api\Api.php on line 272
[20-Sep-2025 21:16:16 UTC] PHP Deprecated:  strtotime(): Passing null to parameter #1 ($datetime) of type string is deprecated in C:\Users\User\Local Sites\shopinzed\app\public\wp-content\plugins\woolentor-addons\woolentor-blocks\includes\classes\Api\Api.php on line 272
[20-Sep-2025 21:16:16 UTC] PHP Deprecated:  strtotime(): Passing null to parameter #1 ($datetime) of type string is deprecated in C:\Users\User\Local Sites\shopinzed\app\public\wp-content\plugins\woolentor-addons\woolentor-blocks\includes\classes\Api\Api.php on line 272
[20-Sep-2025 21:16:16 UTC] PHP Deprecated:  strtotime(): Passing null to parameter #1 ($datetime) of type string is deprecated in C:\Users\User\Local Sites\shopinzed\app\public\wp-content\plugins\woolentor-addons\woolentor-blocks\includes\classes\Api\Api.php on line 272
[20-Sep-2025 21:16:18 UTC] PHP Deprecated:  strtotime(): Passing null to parameter #1 ($datetime) of type string is deprecated in C:\Users\User\Local Sites\shopinzed\app\public\wp-content\plugins\woolentor-addons\woolentor-blocks\includes\classes\Api\Api.php on line 272
[20-Sep-2025 21:16:18 UTC] PHP Deprecated:  strtotime(): Passing null to parameter #1 ($datetime) of type string is deprecated in C:\Users\User\Local Sites\shopinzed\app\public\wp-content\plugins\woolentor-addons\woolentor-blocks\includes\classes\Api\Api.php on line 272
[20-Sep-2025 21:16:40 UTC] PHP Deprecated:  strtotime(): Passing null to parameter #1 ($datetime) of type string is deprecated in C:\Users\User\Local Sites\shopinzed\app\public\wp-content\plugins\woolentor-addons\woolentor-blocks\includes\classes\Api\Api.php on line 272
[20-Sep-2025 21:16:40 UTC] PHP Deprecated:  strtotime(): Passing null to parameter #1 ($datetime) of type string is deprecated in C:\Users\User\Local Sites\shopinzed\app\public\wp-content\plugins\woolentor-addons\woolentor-blocks\includes\classes\Api\Api.php on line 272
[20-Sep-2025 21:16:40 UTC] PHP Deprecated:  strtotime(): Passing null to parameter #1 ($datetime) of type string is deprecated in C:\Users\User\Local Sites\shopinzed\app\public\wp-content\plugins\woolentor-addons\woolentor-blocks\includes\classes\Api\Api.php on line 272
[20-Sep-2025 21:16:40 UTC] PHP Deprecated:  strtotime(): Passing null to parameter #1 ($datetime) of type string is deprecated in C:\Users\User\Local Sites\shopinzed\app\public\wp-content\plugins\woolentor-addons\woolentor-blocks\includes\classes\Api\Api.php on line 272
[20-Sep-2025 21:16:42 UTC] PHP Deprecated:  strtotime(): Passing null to parameter #1 ($datetime) of type string is deprecated in C:\Users\User\Local Sites\shopinzed\app\public\wp-content\plugins\woolentor-addons\woolentor-blocks\includes\classes\Api\Api.php on line 272
[20-Sep-2025 21:16:42 UTC] PHP Deprecated:  strtotime(): Passing null to parameter #1 ($datetime) of type string is deprecated in C:\Users\User\Local Sites\shopinzed\app\public\wp-content\plugins\woolentor-addons\woolentor-blocks\includes\classes\Api\Api.php on line 272
[20-Sep-2025 21:16:42 UTC] PHP Deprecated:  strtotime(): Passing null to parameter #1 ($datetime) of type string is deprecated in C:\Users\User\Local Sites\shopinzed\app\public\wp-content\plugins\woolentor-addons\woolentor-blocks\includes\classes\Api\Api.php on line 272
[20-Sep-2025 21:16:42 UTC] PHP Deprecated:  strtotime(): Passing null to parameter #1 ($datetime) of type string is deprecated in C:\Users\User\Local Sites\shopinzed\app\public\wp-content\plugins\woolentor-addons\woolentor-blocks\includes\classes\Api\Api.php on line 272
[20-Sep-2025 21:16:43 UTC] PHP Deprecated:  strtotime(): Passing null to parameter #1 ($datetime) of type string is deprecated in C:\Users\User\Local Sites\shopinzed\app\public\wp-content\plugins\woolentor-addons\woolentor-blocks\includes\classes\Api\Api.php on line 272
[20-Sep-2025 21:16:43 UTC] PHP Deprecated:  strtotime(): Passing null to parameter #1 ($datetime) of type string is deprecated in C:\Users\User\Local Sites\shopinzed\app\public\wp-content\plugins\woolentor-addons\woolentor-blocks\includes\classes\Api\Api.php on line 272
[20-Sep-2025 21:16:45 UTC] PHP Deprecated:  strtotime(): Passing null to parameter #1 ($datetime) of type string is deprecated in C:\Users\User\Local Sites\shopinzed\app\public\wp-content\plugins\woolentor-addons\woolentor-blocks\includes\classes\Api\Api.php on line 272
[20-Sep-2025 21:16:45 UTC] PHP Deprecated:  strtotime(): Passing null to parameter #1 ($datetime) of type string is deprecated in C:\Users\User\Local Sites\shopinzed\app\public\wp-content\plugins\woolentor-addons\woolentor-blocks\includes\classes\Api\Api.php on line 272
[20-Sep-2025 21:16:45 UTC] PHP Deprecated:  strtotime(): Passing null to parameter #1 ($datetime) of type string is deprecated in C:\Users\User\Local Sites\shopinzed\app\public\wp-content\plugins\woolentor-addons\woolentor-blocks\includes\classes\Api\Api.php on line 272
[20-Sep-2025 21:16:45 UTC] PHP Deprecated:  strtotime(): Passing null to parameter #1 ($datetime) of type string is deprecated in C:\Users\User\Local Sites\shopinzed\app\public\wp-content\plugins\woolentor-addons\woolentor-blocks\includes\classes\Api\Api.php on line 272
[20-Sep-2025 21:16:45 UTC] PHP Deprecated:  strtotime(): Passing null to parameter #1 ($datetime) of type string is deprecated in C:\Users\User\Local Sites\shopinzed\app\public\wp-content\plugins\woolentor-addons\woolentor-blocks\includes\classes\Api\Api.php on line 272
[20-Sep-2025 21:16:45 UTC] PHP Deprecated:  strtotime(): Passing null to parameter #1 ($datetime) of type string is deprecated in C:\Users\User\Local Sites\shopinzed\app\public\wp-content\plugins\woolentor-addons\woolentor-blocks\includes\classes\Api\Api.php on line 272
[20-Sep-2025 21:16:45 UTC] PHP Deprecated:  strtotime(): Passing null to parameter #1 ($datetime) of type string is deprecated in C:\Users\User\Local Sites\shopinzed\app\public\wp-content\plugins\woolentor-addons\woolentor-blocks\includes\classes\Api\Api.php on line 272
[20-Sep-2025 21:16:45 UTC] PHP Deprecated:  strtotime(): Passing null to parameter #1 ($datetime) of type string is deprecated in C:\Users\User\Local Sites\shopinzed\app\public\wp-content\plugins\woolentor-addons\woolentor-blocks\includes\classes\Api\Api.php on line 272
[20-Sep-2025 21:16:51 UTC] PHP Deprecated:  strtotime(): Passing null to parameter #1 ($datetime) of type string is deprecated in C:\Users\User\Local Sites\shopinzed\app\public\wp-content\plugins\woolentor-addons\woolentor-blocks\includes\classes\Api\Api.php on line 272
[20-Sep-2025 21:16:51 UTC] PHP Deprecated:  strtotime(): Passing null to parameter #1 ($datetime) of type string is deprecated in C:\Users\User\Local Sites\shopinzed\app\public\wp-content\plugins\woolentor-addons\woolentor-blocks\includes\classes\Api\Api.php on line 272
[20-Sep-2025 21:16:52 UTC] PHP Fatal error:  Out of memory (allocated 136314880 bytes) (tried to allocate 20480 bytes) in C:\Users\User\Local Sites\shopinzed\app\public\wp-includes\rest-api\class-wp-rest-server.php on line 1019
[20-Sep-2025 21:16:52 UTC] PHP Fatal error:  Out of memory (allocated 136314880 bytes) (tried to allocate 20480 bytes) in C:\Users\User\Local Sites\shopinzed\app\public\wp-includes\class-wp-fatal-error-handler.php on line 76
[20-Sep-2025 21:16:53 UTC] WordPress database error Out of memory; check if mysqld or some other process uses all available memory; if not, you may have to use 'ulimit' to allow mysqld to use more memory or you can add more swap space for query SELECT   wp_posts.ID
					 FROM wp_posts  INNER JOIN wp_postmeta ON ( wp_posts.ID = wp_postmeta.post_id )
					 WHERE 1=1  AND ( 
  ( wp_postmeta.meta_key = '_elementor_template_type' AND wp_postmeta.meta_value = 'landing-page' )
) AND wp_posts.post_type = 'e-landing-page' AND ((wp_posts.post_status <> 'trash' AND wp_posts.post_status <> 'auto-draft'))
					 GROUP BY wp_posts.ID
					 ORDER BY wp_posts.post_date DESC
					 LIMIT 0, 1 made by require('wp-blog-header.php'), require_once('wp-load.php'), require_once('wp-config.php'), require_once('wp-settings.php'), do_action('init'), WP_Hook->do_action, WP_Hook->apply_filters, Elementor\Plugin->init, Elementor\Plugin->init_components, Elementor\Core\Modules_Manager->__construct, Elementor\Core\Base\Module::instance, Elementor\Modules\LandingPages\Module->__construct, Elementor\Modules\LandingPages\Module->should_activate_landing_pages, Elementor\Modules\LandingPages\Module->has_landing_pages, WP_Query->__construct, WP_Query->query, WP_Query->get_posts
[20-Sep-2025 21:16:53 UTC] WordPress database error Out of memory; check if mysqld or some other process uses all available memory; if not, you may have to use 'ulimit' to allow mysqld to use more memory or you can add more swap space for query SELECT   wp_posts.ID
					 FROM wp_posts  INNER JOIN wp_postmeta ON ( wp_posts.ID = wp_postmeta.post_id )
					 WHERE 1=1  AND ( 
  ( wp_postmeta.meta_key = '_elementor_template_type' AND wp_postmeta.meta_value = 'landing-page' )
) AND wp_posts.post_type = 'e-landing-page' AND ((wp_posts.post_status <> 'trash' AND wp_posts.post_status <> 'auto-draft'))
					 GROUP BY wp_posts.ID
					 ORDER BY wp_posts.post_date DESC
					 LIMIT 0, 1 made by require('wp-blog-header.php'), require_once('wp-load.php'), require_once('wp-config.php'), require_once('wp-settings.php'), do_action('init'), WP_Hook->do_action, WP_Hook->apply_filters, Elementor\Plugin->init, Elementor\Plugin->init_components, Elementor\Core\Modules_Manager->__construct, Elementor\Core\Base\Module::instance, Elementor\Modules\LandingPages\Module->__construct, Elementor\Modules\LandingPages\Module->should_activate_landing_pages, Elementor\Modules\LandingPages\Module->has_landing_pages, WP_Query->__construct, WP_Query->query, WP_Query->get_posts
[20-Sep-2025 21:17:06 UTC] PHP Deprecated:  strtotime(): Passing null to parameter #1 ($datetime) of type string is deprecated in C:\Users\User\Local Sites\shopinzed\app\public\wp-content\plugins\woolentor-addons\woolentor-blocks\includes\classes\Api\Api.php on line 272
[20-Sep-2025 21:17:06 UTC] PHP Deprecated:  strtotime(): Passing null to parameter #1 ($datetime) of type string is deprecated in C:\Users\User\Local Sites\shopinzed\app\public\wp-content\plugins\woolentor-addons\woolentor-blocks\includes\classes\Api\Api.php on line 272
[20-Sep-2025 21:17:06 UTC] PHP Deprecated:  strtotime(): Passing null to parameter #1 ($datetime) of type string is deprecated in C:\Users\User\Local Sites\shopinzed\app\public\wp-content\plugins\woolentor-addons\woolentor-blocks\includes\classes\Api\Api.php on line 272
[20-Sep-2025 21:17:06 UTC] PHP Deprecated:  strtotime(): Passing null to parameter #1 ($datetime) of type string is deprecated in C:\Users\User\Local Sites\shopinzed\app\public\wp-content\plugins\woolentor-addons\woolentor-blocks\includes\classes\Api\Api.php on line 272
[20-Sep-2025 22:47:07 UTC] Automatic updates starting...
[20-Sep-2025 22:47:08 UTC]   Automatic plugin updates starting...
[20-Sep-2025 22:47:09 UTC]   Automatic plugin updates complete.
[20-Sep-2025 22:47:09 UTC]   Automatic theme updates starting...
[20-Sep-2025 22:47:09 UTC]   Automatic theme updates complete.
[20-Sep-2025 22:47:09 UTC] Automatic updates complete.
[21-Sep-2025 18:06:41 UTC] PHP Deprecated:  preg_match(): Passing null to parameter #2 ($subject) of type string is deprecated in C:\Users\User\Local Sites\shopinzed\app\public\wp-includes\class-wp-block-parser.php on line 247
[21-Sep-2025 18:06:41 UTC] PHP Deprecated:  strlen(): Passing null to parameter #1 ($string) of type string is deprecated in C:\Users\User\Local Sites\shopinzed\app\public\wp-includes\class-wp-block-parser.php on line 324
[21-Sep-2025 18:22:43 UTC] PHP Parse error:  syntax error, unexpected token "endif" in C:\Users\User\Local Sites\shopinzed\app\public\wp-content\themes\oceanwp\partials\header\nav.php on line 224
[21-Sep-2025 18:23:08 UTC] PHP Parse error:  syntax error, unexpected token "endif" in C:\Users\User\Local Sites\shopinzed\app\public\wp-content\themes\oceanwp\partials\header\nav.php on line 224
[21-Sep-2025 18:25:26 UTC] PHP Parse error:  syntax error, unexpected token "}", expecting "elseif" or "else" or "endif" in C:\Users\User\Local Sites\shopinzed\app\public\wp-content\themes\oceanwp\partials\header\nav.php on line 187
[21-Sep-2025 18:40:44 UTC] PHP Deprecated:  preg_match(): Passing null to parameter #2 ($subject) of type string is deprecated in C:\Users\User\Local Sites\shopinzed\app\public\wp-includes\class-wp-block-parser.php on line 247
[21-Sep-2025 18:40:44 UTC] PHP Deprecated:  strlen(): Passing null to parameter #1 ($string) of type string is deprecated in C:\Users\User\Local Sites\shopinzed\app\public\wp-includes\class-wp-block-parser.php on line 324
[21-Sep-2025 20:35:03 UTC] PHP Deprecated:  preg_match(): Passing null to parameter #2 ($subject) of type string is deprecated in C:\Users\User\Local Sites\shopinzed\app\public\wp-includes\class-wp-block-parser.php on line 247
[21-Sep-2025 20:35:03 UTC] PHP Deprecated:  strlen(): Passing null to parameter #1 ($string) of type string is deprecated in C:\Users\User\Local Sites\shopinzed\app\public\wp-includes\class-wp-block-parser.php on line 324
[21-Sep-2025 22:44:59 UTC] Automatic updates starting...
[21-Sep-2025 22:45:01 UTC]   Automatic plugin updates starting...
[21-Sep-2025 22:45:01 UTC]   Automatic plugin updates complete.
[21-Sep-2025 22:45:02 UTC]   Automatic theme updates starting...
[21-Sep-2025 22:45:02 UTC]   Automatic theme updates complete.
[21-Sep-2025 22:45:02 UTC] Automatic updates complete.
[21-Sep-2025 22:47:01 UTC] PHP Deprecated:  preg_match(): Passing null to parameter #2 ($subject) of type string is deprecated in C:\Users\User\Local Sites\shopinzed\app\public\wp-includes\class-wp-block-parser.php on line 247
[21-Sep-2025 22:47:01 UTC] PHP Deprecated:  strlen(): Passing null to parameter #1 ($string) of type string is deprecated in C:\Users\User\Local Sites\shopinzed\app\public\wp-includes\class-wp-block-parser.php on line 324
[21-Sep-2025 22:47:05 UTC] PHP Deprecated:  preg_match(): Passing null to parameter #2 ($subject) of type string is deprecated in C:\Users\User\Local Sites\shopinzed\app\public\wp-includes\class-wp-block-parser.php on line 247
[21-Sep-2025 22:47:05 UTC] PHP Deprecated:  strlen(): Passing null to parameter #1 ($string) of type string is deprecated in C:\Users\User\Local Sites\shopinzed\app\public\wp-includes\class-wp-block-parser.php on line 324
[21-Sep-2025 22:57:11 UTC] PHP Deprecated:  preg_match(): Passing null to parameter #2 ($subject) of type string is deprecated in C:\Users\User\Local Sites\shopinzed\app\public\wp-includes\class-wp-block-parser.php on line 247
[21-Sep-2025 22:57:11 UTC] PHP Deprecated:  strlen(): Passing null to parameter #1 ($string) of type string is deprecated in C:\Users\User\Local Sites\shopinzed\app\public\wp-includes\class-wp-block-parser.php on line 324
[21-Sep-2025 23:13:19 UTC] PHP Deprecated:  preg_match(): Passing null to parameter #2 ($subject) of type string is deprecated in C:\Users\User\Local Sites\shopinzed\app\public\wp-includes\class-wp-block-parser.php on line 247
[21-Sep-2025 23:13:19 UTC] PHP Deprecated:  strlen(): Passing null to parameter #1 ($string) of type string is deprecated in C:\Users\User\Local Sites\shopinzed\app\public\wp-includes\class-wp-block-parser.php on line 324
[21-Sep-2025 23:25:33 UTC] PHP Fatal error:  Allowed memory size of 268435456 bytes exhausted (tried to allocate 16384 bytes) in C:\Users\User\Local Sites\shopinzed\app\public\wp-content\plugins\woocommerce\includes\wc-template-functions.php on line 1160
[21-Sep-2025 23:25:55 UTC] PHP Fatal error:  Allowed memory size of 268435456 bytes exhausted (tried to allocate 16384 bytes) in C:\Users\User\Local Sites\shopinzed\app\public\wp-content\plugins\elementor\modules\image-loading-optimization\module.php on line 80
[22-Sep-2025 07:46:14 UTC] PHP Deprecated:  preg_match(): Passing null to parameter #2 ($subject) of type string is deprecated in C:\Users\User\Local Sites\shopinzed\app\public\wp-includes\class-wp-block-parser.php on line 247
[22-Sep-2025 07:46:14 UTC] PHP Deprecated:  strlen(): Passing null to parameter #1 ($string) of type string is deprecated in C:\Users\User\Local Sites\shopinzed\app\public\wp-includes\class-wp-block-parser.php on line 324
[22-Sep-2025 08:21:56 UTC] PHP Deprecated:  preg_match(): Passing null to parameter #2 ($subject) of type string is deprecated in C:\Users\User\Local Sites\shopinzed\app\public\wp-includes\class-wp-block-parser.php on line 247
[22-Sep-2025 08:21:56 UTC] PHP Deprecated:  strlen(): Passing null to parameter #1 ($string) of type string is deprecated in C:\Users\User\Local Sites\shopinzed\app\public\wp-includes\class-wp-block-parser.php on line 324
[22-Sep-2025 14:20:57 UTC] Automatic updates starting...
[22-Sep-2025 14:20:59 UTC]   Automatic plugin updates starting...
[22-Sep-2025 14:20:59 UTC]   Automatic plugin updates complete.
[22-Sep-2025 14:21:00 UTC]   Automatic theme updates starting...
[22-Sep-2025 14:21:00 UTC]   Automatic theme updates complete.
[22-Sep-2025 14:21:00 UTC] Automatic updates complete.
[22-Sep-2025 22:40:50 UTC] PHP Deprecated:  preg_match(): Passing null to parameter #2 ($subject) of type string is deprecated in C:\Users\User\Local Sites\shopinzed\app\public\wp-includes\class-wp-block-parser.php on line 247
[22-Sep-2025 22:40:50 UTC] PHP Deprecated:  strlen(): Passing null to parameter #1 ($string) of type string is deprecated in C:\Users\User\Local Sites\shopinzed\app\public\wp-includes\class-wp-block-parser.php on line 324
[22-Sep-2025 22:41:02 UTC] PHP Deprecated:  preg_match(): Passing null to parameter #2 ($subject) of type string is deprecated in C:\Users\User\Local Sites\shopinzed\app\public\wp-includes\class-wp-block-parser.php on line 247
[22-Sep-2025 22:41:02 UTC] PHP Deprecated:  strlen(): Passing null to parameter #1 ($string) of type string is deprecated in C:\Users\User\Local Sites\shopinzed\app\public\wp-includes\class-wp-block-parser.php on line 324
[22-Sep-2025 22:44:11 UTC] Automatic updates starting...
[22-Sep-2025 22:44:12 UTC]   Automatic plugin updates starting...
[22-Sep-2025 22:44:12 UTC]   Automatic plugin updates complete.
[22-Sep-2025 22:44:13 UTC]   Automatic theme updates starting...
[22-Sep-2025 22:44:13 UTC]   Automatic theme updates complete.
[22-Sep-2025 22:44:13 UTC] Automatic updates complete.
[22-Sep-2025 22:53:12 UTC] PHP Fatal error:  Uncaught Error: Call to a member function get_gallery_image_ids() on bool in C:\Users\User\Local Sites\shopinzed\app\public\wp-content\plugins\elementor\modules\ai\module.php:351
Stack trace:
#0 C:\Users\User\Local Sites\shopinzed\app\public\wp-includes\class-wp-hook.php(324): Elementor\Modules\Ai\Module->get_product_images_ajax('')
#1 C:\Users\User\Local Sites\shopinzed\app\public\wp-includes\class-wp-hook.php(348): WP_Hook->apply_filters('', Array)
#2 C:\Users\User\Local Sites\shopinzed\app\public\wp-includes\plugin.php(517): WP_Hook->do_action(Array)
#3 C:\Users\User\Local Sites\shopinzed\app\public\wp-admin\admin-ajax.php(192): do_action('wp_ajax_element...')
#4 {main}
  thrown in C:\Users\User\Local Sites\shopinzed\app\public\wp-content\plugins\elementor\modules\ai\module.php on line 351
[22-Sep-2025 22:59:26 UTC] PHP Deprecated:  preg_match(): Passing null to parameter #2 ($subject) of type string is deprecated in C:\Users\User\Local Sites\shopinzed\app\public\wp-includes\class-wp-block-parser.php on line 247
[22-Sep-2025 22:59:26 UTC] PHP Deprecated:  strlen(): Passing null to parameter #1 ($string) of type string is deprecated in C:\Users\User\Local Sites\shopinzed\app\public\wp-includes\class-wp-block-parser.php on line 324
[22-Sep-2025 22:59:52 UTC] PHP Deprecated:  preg_match(): Passing null to parameter #2 ($subject) of type string is deprecated in C:\Users\User\Local Sites\shopinzed\app\public\wp-includes\class-wp-block-parser.php on line 247
[22-Sep-2025 22:59:52 UTC] PHP Deprecated:  strlen(): Passing null to parameter #1 ($string) of type string is deprecated in C:\Users\User\Local Sites\shopinzed\app\public\wp-includes\class-wp-block-parser.php on line 324
[22-Sep-2025 23:05:26 UTC] PHP Deprecated:  preg_match(): Passing null to parameter #2 ($subject) of type string is deprecated in C:\Users\User\Local Sites\shopinzed\app\public\wp-includes\class-wp-block-parser.php on line 247
[22-Sep-2025 23:05:26 UTC] PHP Deprecated:  strlen(): Passing null to parameter #1 ($string) of type string is deprecated in C:\Users\User\Local Sites\shopinzed\app\public\wp-includes\class-wp-block-parser.php on line 324
[23-Sep-2025 06:22:19 UTC] PHP Deprecated:  preg_match(): Passing null to parameter #2 ($subject) of type string is deprecated in C:\Users\User\Local Sites\shopinzed\app\public\wp-includes\class-wp-block-parser.php on line 247
[23-Sep-2025 06:22:19 UTC] PHP Deprecated:  strlen(): Passing null to parameter #1 ($string) of type string is deprecated in C:\Users\User\Local Sites\shopinzed\app\public\wp-includes\class-wp-block-parser.php on line 324
[23-Sep-2025 06:22:45 UTC] PHP Deprecated:  preg_match(): Passing null to parameter #2 ($subject) of type string is deprecated in C:\Users\User\Local Sites\shopinzed\app\public\wp-includes\class-wp-block-parser.php on line 247
[23-Sep-2025 06:22:45 UTC] PHP Deprecated:  preg_match(): Passing null to parameter #2 ($subject) of type string is deprecated in C:\Users\User\Local Sites\shopinzed\app\public\wp-includes\class-wp-block-parser.php on line 247
[23-Sep-2025 06:22:45 UTC] PHP Deprecated:  strlen(): Passing null to parameter #1 ($string) of type string is deprecated in C:\Users\User\Local Sites\shopinzed\app\public\wp-includes\class-wp-block-parser.php on line 324
[23-Sep-2025 06:22:45 UTC] PHP Deprecated:  strlen(): Passing null to parameter #1 ($string) of type string is deprecated in C:\Users\User\Local Sites\shopinzed\app\public\wp-includes\class-wp-block-parser.php on line 324
[23-Sep-2025 06:22:51 UTC] PHP Deprecated:  preg_match(): Passing null to parameter #2 ($subject) of type string is deprecated in C:\Users\User\Local Sites\shopinzed\app\public\wp-includes\class-wp-block-parser.php on line 247
[23-Sep-2025 06:22:51 UTC] PHP Deprecated:  strlen(): Passing null to parameter #1 ($string) of type string is deprecated in C:\Users\User\Local Sites\shopinzed\app\public\wp-includes\class-wp-block-parser.php on line 324
[23-Sep-2025 06:28:31 UTC] PHP Deprecated:  preg_match(): Passing null to parameter #2 ($subject) of type string is deprecated in C:\Users\User\Local Sites\shopinzed\app\public\wp-includes\class-wp-block-parser.php on line 247
[23-Sep-2025 06:28:31 UTC] PHP Deprecated:  strlen(): Passing null to parameter #1 ($string) of type string is deprecated in C:\Users\User\Local Sites\shopinzed\app\public\wp-includes\class-wp-block-parser.php on line 324
[23-Sep-2025 06:28:32 UTC] PHP Deprecated:  preg_match(): Passing null to parameter #2 ($subject) of type string is deprecated in C:\Users\User\Local Sites\shopinzed\app\public\wp-includes\class-wp-block-parser.php on line 247
[23-Sep-2025 06:28:32 UTC] PHP Deprecated:  strlen(): Passing null to parameter #1 ($string) of type string is deprecated in C:\Users\User\Local Sites\shopinzed\app\public\wp-includes\class-wp-block-parser.php on line 324
[23-Sep-2025 06:28:32 UTC] PHP Deprecated:  preg_match(): Passing null to parameter #2 ($subject) of type string is deprecated in C:\Users\User\Local Sites\shopinzed\app\public\wp-includes\class-wp-block-parser.php on line 247
[23-Sep-2025 06:28:32 UTC] PHP Deprecated:  strlen(): Passing null to parameter #1 ($string) of type string is deprecated in C:\Users\User\Local Sites\shopinzed\app\public\wp-includes\class-wp-block-parser.php on line 324
[23-Sep-2025 06:28:32 UTC] PHP Deprecated:  preg_match(): Passing null to parameter #2 ($subject) of type string is deprecated in C:\Users\User\Local Sites\shopinzed\app\public\wp-includes\class-wp-block-parser.php on line 247
[23-Sep-2025 06:28:32 UTC] PHP Deprecated:  strlen(): Passing null to parameter #1 ($string) of type string is deprecated in C:\Users\User\Local Sites\shopinzed\app\public\wp-includes\class-wp-block-parser.php on line 324
[23-Sep-2025 06:28:32 UTC] PHP Deprecated:  preg_match(): Passing null to parameter #2 ($subject) of type string is deprecated in C:\Users\User\Local Sites\shopinzed\app\public\wp-includes\class-wp-block-parser.php on line 247
[23-Sep-2025 06:28:32 UTC] PHP Deprecated:  strlen(): Passing null to parameter #1 ($string) of type string is deprecated in C:\Users\User\Local Sites\shopinzed\app\public\wp-includes\class-wp-block-parser.php on line 324
[23-Sep-2025 06:28:33 UTC] PHP Deprecated:  preg_match(): Passing null to parameter #2 ($subject) of type string is deprecated in C:\Users\User\Local Sites\shopinzed\app\public\wp-includes\class-wp-block-parser.php on line 247
[23-Sep-2025 06:28:33 UTC] PHP Deprecated:  strlen(): Passing null to parameter #1 ($string) of type string is deprecated in C:\Users\User\Local Sites\shopinzed\app\public\wp-includes\class-wp-block-parser.php on line 324
[23-Sep-2025 06:28:33 UTC] PHP Deprecated:  preg_match(): Passing null to parameter #2 ($subject) of type string is deprecated in C:\Users\User\Local Sites\shopinzed\app\public\wp-includes\class-wp-block-parser.php on line 247
[23-Sep-2025 06:28:33 UTC] PHP Deprecated:  strlen(): Passing null to parameter #1 ($string) of type string is deprecated in C:\Users\User\Local Sites\shopinzed\app\public\wp-includes\class-wp-block-parser.php on line 324
[23-Sep-2025 06:28:34 UTC] PHP Deprecated:  preg_match(): Passing null to parameter #2 ($subject) of type string is deprecated in C:\Users\User\Local Sites\shopinzed\app\public\wp-includes\class-wp-block-parser.php on line 247
[23-Sep-2025 06:28:34 UTC] PHP Deprecated:  strlen(): Passing null to parameter #1 ($string) of type string is deprecated in C:\Users\User\Local Sites\shopinzed\app\public\wp-includes\class-wp-block-parser.php on line 324
[23-Sep-2025 06:28:34 UTC] PHP Deprecated:  preg_match(): Passing null to parameter #2 ($subject) of type string is deprecated in C:\Users\User\Local Sites\shopinzed\app\public\wp-includes\class-wp-block-parser.php on line 247
[23-Sep-2025 06:28:34 UTC] PHP Deprecated:  strlen(): Passing null to parameter #1 ($string) of type string is deprecated in C:\Users\User\Local Sites\shopinzed\app\public\wp-includes\class-wp-block-parser.php on line 324
[23-Sep-2025 06:28:34 UTC] PHP Deprecated:  preg_match(): Passing null to parameter #2 ($subject) of type string is deprecated in C:\Users\User\Local Sites\shopinzed\app\public\wp-includes\class-wp-block-parser.php on line 247
[23-Sep-2025 06:28:34 UTC] PHP Deprecated:  strlen(): Passing null to parameter #1 ($string) of type string is deprecated in C:\Users\User\Local Sites\shopinzed\app\public\wp-includes\class-wp-block-parser.php on line 324
[23-Sep-2025 06:28:35 UTC] PHP Deprecated:  preg_match(): Passing null to parameter #2 ($subject) of type string is deprecated in C:\Users\User\Local Sites\shopinzed\app\public\wp-includes\class-wp-block-parser.php on line 247
[23-Sep-2025 06:28:35 UTC] PHP Deprecated:  strlen(): Passing null to parameter #1 ($string) of type string is deprecated in C:\Users\User\Local Sites\shopinzed\app\public\wp-includes\class-wp-block-parser.php on line 324
[23-Sep-2025 06:28:35 UTC] PHP Deprecated:  preg_match(): Passing null to parameter #2 ($subject) of type string is deprecated in C:\Users\User\Local Sites\shopinzed\app\public\wp-includes\class-wp-block-parser.php on line 247
[23-Sep-2025 06:28:35 UTC] PHP Deprecated:  strlen(): Passing null to parameter #1 ($string) of type string is deprecated in C:\Users\User\Local Sites\shopinzed\app\public\wp-includes\class-wp-block-parser.php on line 324
[23-Sep-2025 06:28:35 UTC] PHP Deprecated:  preg_match(): Passing null to parameter #2 ($subject) of type string is deprecated in C:\Users\User\Local Sites\shopinzed\app\public\wp-includes\class-wp-block-parser.php on line 247
[23-Sep-2025 06:28:35 UTC] PHP Deprecated:  strlen(): Passing null to parameter #1 ($string) of type string is deprecated in C:\Users\User\Local Sites\shopinzed\app\public\wp-includes\class-wp-block-parser.php on line 324
[23-Sep-2025 06:28:36 UTC] PHP Deprecated:  preg_match(): Passing null to parameter #2 ($subject) of type string is deprecated in C:\Users\User\Local Sites\shopinzed\app\public\wp-includes\class-wp-block-parser.php on line 247
[23-Sep-2025 06:28:36 UTC] PHP Deprecated:  strlen(): Passing null to parameter #1 ($string) of type string is deprecated in C:\Users\User\Local Sites\shopinzed\app\public\wp-includes\class-wp-block-parser.php on line 324
[23-Sep-2025 06:28:36 UTC] PHP Deprecated:  preg_match(): Passing null to parameter #2 ($subject) of type string is deprecated in C:\Users\User\Local Sites\shopinzed\app\public\wp-includes\class-wp-block-parser.php on line 247
[23-Sep-2025 06:28:36 UTC] PHP Deprecated:  strlen(): Passing null to parameter #1 ($string) of type string is deprecated in C:\Users\User\Local Sites\shopinzed\app\public\wp-includes\class-wp-block-parser.php on line 324
[23-Sep-2025 06:28:36 UTC] PHP Deprecated:  preg_match(): Passing null to parameter #2 ($subject) of type string is deprecated in C:\Users\User\Local Sites\shopinzed\app\public\wp-includes\class-wp-block-parser.php on line 247
[23-Sep-2025 06:28:36 UTC] PHP Deprecated:  strlen(): Passing null to parameter #1 ($string) of type string is deprecated in C:\Users\User\Local Sites\shopinzed\app\public\wp-includes\class-wp-block-parser.php on line 324
[23-Sep-2025 06:28:37 UTC] PHP Deprecated:  preg_match(): Passing null to parameter #2 ($subject) of type string is deprecated in C:\Users\User\Local Sites\shopinzed\app\public\wp-includes\class-wp-block-parser.php on line 247
[23-Sep-2025 06:28:37 UTC] PHP Deprecated:  strlen(): Passing null to parameter #1 ($string) of type string is deprecated in C:\Users\User\Local Sites\shopinzed\app\public\wp-includes\class-wp-block-parser.php on line 324
[23-Sep-2025 06:28:37 UTC] PHP Deprecated:  preg_match(): Passing null to parameter #2 ($subject) of type string is deprecated in C:\Users\User\Local Sites\shopinzed\app\public\wp-includes\class-wp-block-parser.php on line 247
[23-Sep-2025 06:28:37 UTC] PHP Deprecated:  strlen(): Passing null to parameter #1 ($string) of type string is deprecated in C:\Users\User\Local Sites\shopinzed\app\public\wp-includes\class-wp-block-parser.php on line 324
[23-Sep-2025 06:28:37 UTC] PHP Deprecated:  preg_match(): Passing null to parameter #2 ($subject) of type string is deprecated in C:\Users\User\Local Sites\shopinzed\app\public\wp-includes\class-wp-block-parser.php on line 247
[23-Sep-2025 06:28:37 UTC] PHP Deprecated:  strlen(): Passing null to parameter #1 ($string) of type string is deprecated in C:\Users\User\Local Sites\shopinzed\app\public\wp-includes\class-wp-block-parser.php on line 324
[23-Sep-2025 18:32:41 UTC] Automatic updates starting...
[23-Sep-2025 18:32:42 UTC]   Automatic plugin updates starting...
[23-Sep-2025 18:32:42 UTC]   Automatic plugin updates complete.
[23-Sep-2025 18:32:44 UTC]   Automatic theme updates starting...
[23-Sep-2025 18:32:44 UTC]   Automatic theme updates complete.
[23-Sep-2025 18:32:44 UTC] Automatic updates complete.
[24-Sep-2025 11:29:01 UTC] Automatic updates starting...
[24-Sep-2025 11:29:02 UTC]   Automatic plugin updates starting...
[24-Sep-2025 11:29:02 UTC]   Automatic plugin updates complete.
[24-Sep-2025 11:29:04 UTC]   Automatic theme updates starting...
[24-Sep-2025 11:29:04 UTC]   Automatic theme updates complete.
[24-Sep-2025 11:29:04 UTC] Automatic updates complete.
[29-Sep-2025 20:05:42 UTC] PHP Warning:  mysqli_real_connect(): (HY000/2002): No connection could be made because the target machine actively refused it in C:\Users\User\Local Sites\shopinzed\app\public\wp-includes\class-wpdb.php on line 1988
[29-Sep-2025 20:07:55 UTC] Automatic updates starting...
[29-Sep-2025 20:07:56 UTC]   Automatic plugin updates starting...
[29-Sep-2025 20:07:56 UTC]   Automatic plugin updates complete.
[29-Sep-2025 20:07:57 UTC]   Automatic theme updates starting...
[29-Sep-2025 20:07:57 UTC]   Automatic theme updates complete.
[29-Sep-2025 20:07:57 UTC] Automatic updates complete.
[29-Sep-2025 20:08:18 UTC] PHP Fatal error:  Uncaught TypeError: call_user_func_array(): Argument #1 ($callback) must be a valid callback, function "disable_woocommerce_auto_update" not found or invalid function name in C:\Users\User\Local Sites\shopinzed\app\public\wp-includes\class-wp-hook.php:324
Stack trace:
#0 C:\Users\User\Local Sites\shopinzed\app\public\wp-includes\plugin.php(205): WP_Hook->apply_filters(true, Array)
#1 C:\Users\User\Local Sites\shopinzed\app\public\wp-admin\includes\update.php(1089): apply_filters('auto_update_plu...', true, Object(stdClass))
#2 C:\Users\User\Local Sites\shopinzed\app\public\wp-admin\includes\class-wp-site-health.php(3061): wp_is_auto_update_forced_for_item('plugin', true, Object(stdClass))
#3 C:\Users\User\Local Sites\shopinzed\app\public\wp-admin\includes\class-wp-site-health.php(1796): WP_Site_Health->detect_plugin_theme_auto_update_issues()
#4 C:\Users\User\Local Sites\shopinzed\app\public\wp-admin\includes\class-wp-site-health.php(194): WP_Site_Health->get_test_plugin_theme_auto_updates()
#5 C:\Users\User\Local Sites\shopinzed\app\public\wp-admin\includes\class-wp-site-health.php(3222): WP_Site_Health->perform_test(Array)
#6 C:\Users\User\Local Sites\shopinzed\app\public\wp-includes\class-wp-hook.php(324): WP_Site_Health->wp_cron_scheduled_check()
#7 C:\Users\User\Local Sites\shopinzed\app\public\wp-includes\class-wp-hook.php(348): WP_Hook->apply_filters('', Array)
#8 C:\Users\User\Local Sites\shopinzed\app\public\wp-includes\plugin.php(565): WP_Hook->do_action(Array)
#9 C:\Users\User\Local Sites\shopinzed\app\public\wp-cron.php(191): do_action_ref_array('wp_site_health_...', Array)
#10 {main}
  thrown in C:\Users\User\Local Sites\shopinzed\app\public\wp-includes\class-wp-hook.php on line 324
[29-Sep-2025 20:19:38 UTC] PHP Fatal error:  Uncaught TypeError: call_user_func_array(): Argument #1 ($callback) must be a valid callback, function "disable_woocommerce_auto_update" not found or invalid function name in C:\Users\User\Local Sites\shopinzed\app\public\wp-includes\class-wp-hook.php:324
Stack trace:
#0 C:\Users\User\Local Sites\shopinzed\app\public\wp-includes\plugin.php(205): WP_Hook->apply_filters(true, Array)
#1 C:\Users\User\Local Sites\shopinzed\app\public\wp-admin\includes\update.php(1089): apply_filters('auto_update_plu...', true, Object(stdClass))
#2 C:\Users\User\Local Sites\shopinzed\app\public\wp-admin\includes\class-wp-site-health.php(3061): wp_is_auto_update_forced_for_item('plugin', true, Object(stdClass))
#3 C:\Users\User\Local Sites\shopinzed\app\public\wp-admin\includes\class-wp-site-health.php(1796): WP_Site_Health->detect_plugin_theme_auto_update_issues()
#4 C:\Users\User\Local Sites\shopinzed\app\public\wp-admin\includes\class-wp-site-health.php(194): WP_Site_Health->get_test_plugin_theme_auto_updates()
#5 C:\Users\User\Local Sites\shopinzed\app\public\wp-admin\includes\class-wp-site-health.php(3222): WP_Site_Health->perform_test(Array)
#6 C:\Users\User\Local Sites\shopinzed\app\public\wp-includes\class-wp-hook.php(324): WP_Site_Health->wp_cron_scheduled_check()
#7 C:\Users\User\Local Sites\shopinzed\app\public\wp-includes\class-wp-hook.php(348): WP_Hook->apply_filters('', Array)
#8 C:\Users\User\Local Sites\shopinzed\app\public\wp-includes\plugin.php(565): WP_Hook->do_action(Array)
#9 C:\Users\User\Local Sites\shopinzed\app\public\wp-cron.php(191): do_action_ref_array('wp_site_health_...', Array)
#10 {main}
  thrown in C:\Users\User\Local Sites\shopinzed\app\public\wp-includes\class-wp-hook.php on line 324
[29-Sep-2025 22:15:42 UTC] PHP Deprecated:  parse_str(): Passing null to parameter #1 ($string) of type string is deprecated in C:\Users\User\Local Sites\shopinzed\app\public\wp-content\plugins\shopengine\widgets\products.php on line 142
[29-Sep-2025 22:45:17 UTC] Automatic updates starting...
[29-Sep-2025 22:45:18 UTC]   Automatic plugin updates starting...
[29-Sep-2025 22:45:18 UTC]   Automatic plugin updates complete.
[29-Sep-2025 22:45:19 UTC]   Automatic theme updates starting...
[29-Sep-2025 22:45:19 UTC]   Automatic theme updates complete.
[29-Sep-2025 22:45:19 UTC] Automatic updates complete.
[30-Sep-2025 10:43:59 UTC] Automatic updates starting...
[30-Sep-2025 10:44:01 UTC]   Automatic plugin updates starting...
[30-Sep-2025 10:44:01 UTC]   Automatic plugin updates complete.
[30-Sep-2025 10:44:02 UTC]   Automatic theme updates starting...
[30-Sep-2025 10:44:02 UTC]   Automatic theme updates complete.
[30-Sep-2025 10:44:02 UTC] Automatic updates complete.
[30-Sep-2025 20:22:41 UTC] Automatic updates starting...
[30-Sep-2025 20:22:41 UTC]   Automatic plugin updates starting...
[30-Sep-2025 20:22:41 UTC]   Automatic plugin updates complete.
[30-Sep-2025 20:22:41 UTC]   Automatic theme updates starting...
[30-Sep-2025 20:22:41 UTC]   Automatic theme updates complete.
[30-Sep-2025 20:22:41 UTC] Automatic updates complete.
[01-Oct-2025 01:09:00 UTC] Automatic updates starting...
[01-Oct-2025 01:09:02 UTC]   Automatic plugin updates starting...
[01-Oct-2025 01:09:02 UTC]   Automatic plugin updates complete.
[01-Oct-2025 01:09:02 UTC]   Automatic theme updates starting...
[01-Oct-2025 01:09:02 UTC]   Automatic theme updates complete.
[01-Oct-2025 01:09:02 UTC] Automatic updates complete.
[01-Oct-2025 13:34:39 UTC] PHP Deprecated:  Automatic conversion of false to array is deprecated in C:\Users\User\Local Sites\shopinzed\app\public\wp-content\plugins\elementor\includes\api.php on line 176
[01-Oct-2025 13:34:44 UTC] PHP Warning:  wp_version_check(): An unexpected error occurred. Something may be wrong with WordPress.org or this server&#8217;s configuration. If you continue to have problems, please try the <a href="https://wordpress.org/support/forums/">support forums</a>. (WordPress could not establish a secure connection to WordPress.org. Please contact your server administrator.) in C:\Users\User\Local Sites\shopinzed\app\public\wp-includes\functions.php on line 6121
[01-Oct-2025 13:34:44 UTC] PHP Warning:  wp_update_plugins(): An unexpected error occurred. Something may be wrong with WordPress.org or this server&#8217;s configuration. If you continue to have problems, please try the <a href="https://wordpress.org/support/forums/">support forums</a>. (WordPress could not establish a secure connection to WordPress.org. Please contact your server administrator.) in C:\Users\User\Local Sites\shopinzed\app\public\wp-includes\functions.php on line 6121
[01-Oct-2025 13:34:44 UTC] PHP Warning:  wp_update_themes(): An unexpected error occurred. Something may be wrong with WordPress.org or this server&#8217;s configuration. If you continue to have problems, please try the <a href="https://wordpress.org/support/forums/">support forums</a>. (WordPress could not establish a secure connection to WordPress.org. Please contact your server administrator.) in C:\Users\User\Local Sites\shopinzed\app\public\wp-includes\functions.php on line 6121
[01-Oct-2025 19:37:39 UTC] PHP Warning:  Attempt to read property "base" on null in C:\Users\User\Local Sites\shopinzed\app\public\wp-includes\admin-bar.php on line 819
[01-Oct-2025 19:37:39 UTC] PHP Warning:  Attempt to read property "base" on null in C:\Users\User\Local Sites\shopinzed\app\public\wp-includes\admin-bar.php on line 821
[01-Oct-2025 19:37:39 UTC] PHP Warning:  Attempt to read property "base" on null in C:\Users\User\Local Sites\shopinzed\app\public\wp-includes\admin-bar.php on line 823
[01-Oct-2025 19:37:39 UTC] PHP Warning:  Attempt to read property "base" on null in C:\Users\User\Local Sites\shopinzed\app\public\wp-includes\admin-bar.php on line 830
[01-Oct-2025 19:37:39 UTC] PHP Warning:  Attempt to read property "base" on null in C:\Users\User\Local Sites\shopinzed\app\public\wp-includes\admin-bar.php on line 830
[01-Oct-2025 19:37:39 UTC] PHP Warning:  Attempt to read property "base" on null in C:\Users\User\Local Sites\shopinzed\app\public\wp-includes\admin-bar.php on line 855
[01-Oct-2025 19:37:39 UTC] PHP Warning:  Attempt to read property "base" on null in C:\Users\User\Local Sites\shopinzed\app\public\wp-includes\admin-bar.php on line 868
[01-Oct-2025 19:37:39 UTC] PHP Warning:  Attempt to read property "base" on null in C:\Users\User\Local Sites\shopinzed\app\public\wp-includes\admin-bar.php on line 879
[01-Oct-2025 19:38:33 UTC] PHP Warning:  Attempt to read property "base" on null in C:\Users\User\Local Sites\shopinzed\app\public\wp-includes\admin-bar.php on line 819
[01-Oct-2025 19:38:33 UTC] PHP Warning:  Attempt to read property "base" on null in C:\Users\User\Local Sites\shopinzed\app\public\wp-includes\admin-bar.php on line 821
[01-Oct-2025 19:38:33 UTC] PHP Warning:  Attempt to read property "base" on null in C:\Users\User\Local Sites\shopinzed\app\public\wp-includes\admin-bar.php on line 823
[01-Oct-2025 19:38:33 UTC] PHP Warning:  Attempt to read property "base" on null in C:\Users\User\Local Sites\shopinzed\app\public\wp-includes\admin-bar.php on line 830
[01-Oct-2025 19:38:33 UTC] PHP Warning:  Attempt to read property "base" on null in C:\Users\User\Local Sites\shopinzed\app\public\wp-includes\admin-bar.php on line 830
[01-Oct-2025 19:38:33 UTC] PHP Warning:  Attempt to read property "base" on null in C:\Users\User\Local Sites\shopinzed\app\public\wp-includes\admin-bar.php on line 855
[01-Oct-2025 19:38:33 UTC] PHP Warning:  Attempt to read property "base" on null in C:\Users\User\Local Sites\shopinzed\app\public\wp-includes\admin-bar.php on line 868
[01-Oct-2025 19:38:33 UTC] PHP Warning:  Attempt to read property "base" on null in C:\Users\User\Local Sites\shopinzed\app\public\wp-includes\admin-bar.php on line 879
[01-Oct-2025 19:38:34 UTC] PHP Warning:  Attempt to read property "base" on null in C:\Users\User\Local Sites\shopinzed\app\public\wp-includes\admin-bar.php on line 819
[01-Oct-2025 19:38:34 UTC] PHP Warning:  Attempt to read property "base" on null in C:\Users\User\Local Sites\shopinzed\app\public\wp-includes\admin-bar.php on line 821
[01-Oct-2025 19:38:34 UTC] PHP Warning:  Attempt to read property "base" on null in C:\Users\User\Local Sites\shopinzed\app\public\wp-includes\admin-bar.php on line 823
[01-Oct-2025 19:38:34 UTC] PHP Warning:  Attempt to read property "base" on null in C:\Users\User\Local Sites\shopinzed\app\public\wp-includes\admin-bar.php on line 830
[01-Oct-2025 19:38:34 UTC] PHP Warning:  Attempt to read property "base" on null in C:\Users\User\Local Sites\shopinzed\app\public\wp-includes\admin-bar.php on line 830
[01-Oct-2025 19:38:34 UTC] PHP Warning:  Attempt to read property "base" on null in C:\Users\User\Local Sites\shopinzed\app\public\wp-includes\admin-bar.php on line 855
[01-Oct-2025 19:38:34 UTC] PHP Warning:  Attempt to read property "base" on null in C:\Users\User\Local Sites\shopinzed\app\public\wp-includes\admin-bar.php on line 868
[01-Oct-2025 19:38:34 UTC] PHP Warning:  Attempt to read property "base" on null in C:\Users\User\Local Sites\shopinzed\app\public\wp-includes\admin-bar.php on line 879
[01-Oct-2025 19:38:45 UTC] PHP Warning:  Attempt to read property "base" on null in C:\Users\User\Local Sites\shopinzed\app\public\wp-includes\admin-bar.php on line 819
[01-Oct-2025 19:38:45 UTC] PHP Warning:  Attempt to read property "base" on null in C:\Users\User\Local Sites\shopinzed\app\public\wp-includes\admin-bar.php on line 821
[01-Oct-2025 19:38:45 UTC] PHP Warning:  Attempt to read property "base" on null in C:\Users\User\Local Sites\shopinzed\app\public\wp-includes\admin-bar.php on line 823
[01-Oct-2025 19:38:45 UTC] PHP Warning:  Attempt to read property "base" on null in C:\Users\User\Local Sites\shopinzed\app\public\wp-includes\admin-bar.php on line 830
[01-Oct-2025 19:38:45 UTC] PHP Warning:  Attempt to read property "base" on null in C:\Users\User\Local Sites\shopinzed\app\public\wp-includes\admin-bar.php on line 830
[01-Oct-2025 19:38:45 UTC] PHP Warning:  Attempt to read property "base" on null in C:\Users\User\Local Sites\shopinzed\app\public\wp-includes\admin-bar.php on line 855
[01-Oct-2025 19:38:45 UTC] PHP Warning:  Attempt to read property "base" on null in C:\Users\User\Local Sites\shopinzed\app\public\wp-includes\admin-bar.php on line 868
[01-Oct-2025 19:38:45 UTC] PHP Warning:  Attempt to read property "base" on null in C:\Users\User\Local Sites\shopinzed\app\public\wp-includes\admin-bar.php on line 879
[01-Oct-2025 19:39:00 UTC] PHP Warning:  Attempt to read property "base" on null in C:\Users\User\Local Sites\shopinzed\app\public\wp-includes\admin-bar.php on line 819
[01-Oct-2025 19:39:00 UTC] PHP Warning:  Attempt to read property "base" on null in C:\Users\User\Local Sites\shopinzed\app\public\wp-includes\admin-bar.php on line 821
[01-Oct-2025 19:39:00 UTC] PHP Warning:  Attempt to read property "base" on null in C:\Users\User\Local Sites\shopinzed\app\public\wp-includes\admin-bar.php on line 823
[01-Oct-2025 19:39:00 UTC] PHP Warning:  Attempt to read property "base" on null in C:\Users\User\Local Sites\shopinzed\app\public\wp-includes\admin-bar.php on line 830
[01-Oct-2025 19:39:00 UTC] PHP Warning:  Attempt to read property "base" on null in C:\Users\User\Local Sites\shopinzed\app\public\wp-includes\admin-bar.php on line 830
[01-Oct-2025 19:39:00 UTC] PHP Warning:  Attempt to read property "base" on null in C:\Users\User\Local Sites\shopinzed\app\public\wp-includes\admin-bar.php on line 855
[01-Oct-2025 19:39:00 UTC] PHP Warning:  Attempt to read property "base" on null in C:\Users\User\Local Sites\shopinzed\app\public\wp-includes\admin-bar.php on line 868
[01-Oct-2025 19:39:00 UTC] PHP Warning:  Attempt to read property "base" on null in C:\Users\User\Local Sites\shopinzed\app\public\wp-includes\admin-bar.php on line 879
[01-Oct-2025 19:39:14 UTC] PHP Warning:  Undefined variable $option in C:\Users\User\Local Sites\shopinzed\app\public\wp-content\plugins\woocommerce-ajax-filters\includes\wizard.php on line 1143
[01-Oct-2025 19:39:14 UTC] PHP Warning:  Attempt to read property "base" on null in C:\Users\User\Local Sites\shopinzed\app\public\wp-includes\admin-bar.php on line 819
[01-Oct-2025 19:39:14 UTC] PHP Warning:  Attempt to read property "base" on null in C:\Users\User\Local Sites\shopinzed\app\public\wp-includes\admin-bar.php on line 821
[01-Oct-2025 19:39:14 UTC] PHP Warning:  Attempt to read property "base" on null in C:\Users\User\Local Sites\shopinzed\app\public\wp-includes\admin-bar.php on line 823
[01-Oct-2025 19:39:14 UTC] PHP Warning:  Attempt to read property "base" on null in C:\Users\User\Local Sites\shopinzed\app\public\wp-includes\admin-bar.php on line 830
[01-Oct-2025 19:39:14 UTC] PHP Warning:  Attempt to read property "base" on null in C:\Users\User\Local Sites\shopinzed\app\public\wp-includes\admin-bar.php on line 830
[01-Oct-2025 19:39:14 UTC] PHP Warning:  Attempt to read property "base" on null in C:\Users\User\Local Sites\shopinzed\app\public\wp-includes\admin-bar.php on line 855
[01-Oct-2025 19:39:14 UTC] PHP Warning:  Attempt to read property "base" on null in C:\Users\User\Local Sites\shopinzed\app\public\wp-includes\admin-bar.php on line 868
[01-Oct-2025 19:39:14 UTC] PHP Warning:  Attempt to read property "base" on null in C:\Users\User\Local Sites\shopinzed\app\public\wp-includes\admin-bar.php on line 879
[01-Oct-2025 19:39:15 UTC] PHP Warning:  Attempt to read property "base" on null in C:\Users\User\Local Sites\shopinzed\app\public\wp-includes\admin-bar.php on line 819
[01-Oct-2025 19:39:15 UTC] PHP Warning:  Attempt to read property "base" on null in C:\Users\User\Local Sites\shopinzed\app\public\wp-includes\admin-bar.php on line 821
[01-Oct-2025 19:39:15 UTC] PHP Warning:  Attempt to read property "base" on null in C:\Users\User\Local Sites\shopinzed\app\public\wp-includes\admin-bar.php on line 823
[01-Oct-2025 19:39:15 UTC] PHP Warning:  Attempt to read property "base" on null in C:\Users\User\Local Sites\shopinzed\app\public\wp-includes\admin-bar.php on line 830
[01-Oct-2025 19:39:15 UTC] PHP Warning:  Attempt to read property "base" on null in C:\Users\User\Local Sites\shopinzed\app\public\wp-includes\admin-bar.php on line 830
[01-Oct-2025 19:39:15 UTC] PHP Warning:  Attempt to read property "base" on null in C:\Users\User\Local Sites\shopinzed\app\public\wp-includes\admin-bar.php on line 855
[01-Oct-2025 19:39:15 UTC] PHP Warning:  Attempt to read property "base" on null in C:\Users\User\Local Sites\shopinzed\app\public\wp-includes\admin-bar.php on line 868
[01-Oct-2025 19:39:15 UTC] PHP Warning:  Attempt to read property "base" on null in C:\Users\User\Local Sites\shopinzed\app\public\wp-includes\admin-bar.php on line 879
[01-Oct-2025 19:41:38 UTC] PHP Warning:  Undefined array key "attribute" in C:\Users\User\Local Sites\shopinzed\app\public\wp-content\plugins\woocommerce-ajax-filters\includes\custom_post.php on line 567
[01-Oct-2025 19:42:56 UTC] PHP Warning:  Undefined array key "attribute" in C:\Users\User\Local Sites\shopinzed\app\public\wp-content\plugins\woocommerce-ajax-filters\includes\custom_post.php on line 567
[01-Oct-2025 19:42:57 UTC] PHP Warning:  Undefined array key "attribute" in C:\Users\User\Local Sites\shopinzed\app\public\wp-content\plugins\woocommerce-ajax-filters\includes\custom_post.php on line 567
[01-Oct-2025 20:06:35 UTC] Cron reschedule event error for hook: action_scheduler_run_queue, Error code: could_not_set, Error message: The cron event list could not be saved., Data: {"schedule":"every_minute","args":["WP Cron"],"interval":60}
[01-Oct-2025 20:07:17 UTC] PHP Deprecated:  preg_match(): Passing null to parameter #2 ($subject) of type string is deprecated in C:\Users\User\Local Sites\shopinzed\app\public\wp-includes\class-wp-block-parser.php on line 247
[01-Oct-2025 20:07:17 UTC] PHP Deprecated:  strlen(): Passing null to parameter #1 ($string) of type string is deprecated in C:\Users\User\Local Sites\shopinzed\app\public\wp-includes\class-wp-block-parser.php on line 324
[01-Oct-2025 20:10:43 UTC] PHP Parse error:  syntax error, unexpected identifier "add_action", expecting "function" or "const" in C:\Users\User\Local Sites\shopinzed\app\public\wp-content\themes\oceanwp\functions.php on line 475
[01-Oct-2025 20:10:43 UTC] PHP Warning:  Trying to access array offset on value of type bool in C:\Users\User\Local Sites\shopinzed\app\public\wp-includes\class-wp-recovery-mode-email-service.php on line 367
[01-Oct-2025 20:10:43 UTC] PHP Warning:  Trying to access array offset on value of type bool in C:\Users\User\Local Sites\shopinzed\app\public\wp-includes\class-wp-recovery-mode-email-service.php on line 368
[01-Oct-2025 20:10:48 UTC] PHP Parse error:  syntax error, unexpected identifier "add_action", expecting "function" or "const" in C:\Users\User\Local Sites\shopinzed\app\public\wp-content\themes\oceanwp\functions.php on line 475
[01-Oct-2025 20:11:11 UTC] PHP Parse error:  syntax error, unexpected identifier "add_action", expecting "function" or "const" in C:\Users\User\Local Sites\shopinzed\app\public\wp-content\themes\oceanwp\functions.php on line 475
[01-Oct-2025 20:13:13 UTC] PHP Parse error:  syntax error, unexpected identifier "add_action", expecting "function" or "const" in C:\Users\User\Local Sites\shopinzed\app\public\wp-content\themes\oceanwp\functions.php on line 475
[01-Oct-2025 20:15:14 UTC] PHP Parse error:  syntax error, unexpected identifier "add_action", expecting "function" or "const" in C:\Users\User\Local Sites\shopinzed\app\public\wp-content\themes\oceanwp\functions.php on line 475
[01-Oct-2025 20:17:14 UTC] PHP Parse error:  syntax error, unexpected identifier "add_action", expecting "function" or "const" in C:\Users\User\Local Sites\shopinzed\app\public\wp-content\themes\oceanwp\functions.php on line 475
[01-Oct-2025 20:19:15 UTC] PHP Parse error:  syntax error, unexpected identifier "add_action", expecting "function" or "const" in C:\Users\User\Local Sites\shopinzed\app\public\wp-content\themes\oceanwp\functions.php on line 475
[01-Oct-2025 20:26:15 UTC] PHP Parse error:  syntax error, unexpected identifier "add_action", expecting "function" or "const" in C:\Users\User\Local Sites\shopinzed\app\public\wp-content\themes\oceanwp\functions.php on line 475
[01-Oct-2025 20:26:15 UTC] PHP Parse error:  syntax error, unexpected identifier "add_action", expecting "function" or "const" in C:\Users\User\Local Sites\shopinzed\app\public\wp-content\themes\oceanwp\functions.php on line 475
[01-Oct-2025 20:26:25 UTC] PHP Parse error:  syntax error, unexpected identifier "add_action", expecting "function" or "const" in C:\Users\User\Local Sites\shopinzed\app\public\wp-content\themes\oceanwp\functions.php on line 475
[01-Oct-2025 20:26:25 UTC] PHP Parse error:  syntax error, unexpected identifier "add_action", expecting "function" or "const" in C:\Users\User\Local Sites\shopinzed\app\public\wp-content\themes\oceanwp\functions.php on line 475
[01-Oct-2025 20:26:27 UTC] PHP Parse error:  syntax error, unexpected identifier "add_action", expecting "function" or "const" in C:\Users\User\Local Sites\shopinzed\app\public\wp-content\themes\oceanwp\functions.php on line 475
[01-Oct-2025 20:26:27 UTC] PHP Parse error:  syntax error, unexpected identifier "add_action", expecting "function" or "const" in C:\Users\User\Local Sites\shopinzed\app\public\wp-content\themes\oceanwp\functions.php on line 475
[01-Oct-2025 20:26:31 UTC] PHP Parse error:  syntax error, unexpected identifier "add_action", expecting "function" or "const" in C:\Users\User\Local Sites\shopinzed\app\public\wp-content\themes\oceanwp\functions.php on line 475
[01-Oct-2025 20:26:40 UTC] PHP Parse error:  syntax error, unexpected identifier "add_action", expecting "function" or "const" in C:\Users\User\Local Sites\shopinzed\app\public\wp-content\themes\oceanwp\functions.php on line 475
[01-Oct-2025 20:26:40 UTC] PHP Parse error:  syntax error, unexpected identifier "add_action", expecting "function" or "const" in C:\Users\User\Local Sites\shopinzed\app\public\wp-content\themes\oceanwp\functions.php on line 475
[01-Oct-2025 20:26:42 UTC] PHP Parse error:  syntax error, unexpected identifier "add_action", expecting "function" or "const" in C:\Users\User\Local Sites\shopinzed\app\public\wp-content\themes\oceanwp\functions.php on line 475
[01-Oct-2025 20:26:42 UTC] PHP Parse error:  syntax error, unexpected identifier "add_action", expecting "function" or "const" in C:\Users\User\Local Sites\shopinzed\app\public\wp-content\themes\oceanwp\functions.php on line 475
[01-Oct-2025 20:26:44 UTC] PHP Parse error:  syntax error, unexpected identifier "add_action", expecting "function" or "const" in C:\Users\User\Local Sites\shopinzed\app\public\wp-content\themes\oceanwp\functions.php on line 475
[01-Oct-2025 20:26:45 UTC] PHP Parse error:  syntax error, unexpected identifier "add_action", expecting "function" or "const" in C:\Users\User\Local Sites\shopinzed\app\public\wp-content\themes\oceanwp\functions.php on line 475
[01-Oct-2025 20:26:48 UTC] PHP Parse error:  syntax error, unexpected identifier "add_action", expecting "function" or "const" in C:\Users\User\Local Sites\shopinzed\app\public\wp-content\themes\oceanwp\functions.php on line 475
[01-Oct-2025 20:27:19 UTC] PHP Parse error:  syntax error, unexpected identifier "add_action", expecting "function" or "const" in C:\Users\User\Local Sites\shopinzed\app\public\wp-content\themes\oceanwp\functions.php on line 475
[01-Oct-2025 20:27:47 UTC] PHP Parse error:  syntax error, unexpected identifier "add_action", expecting "function" or "const" in C:\Users\User\Local Sites\shopinzed\app\public\wp-content\themes\oceanwp\functions.php on line 475
[01-Oct-2025 20:27:47 UTC] PHP Parse error:  syntax error, unexpected identifier "add_action", expecting "function" or "const" in C:\Users\User\Local Sites\shopinzed\app\public\wp-content\themes\oceanwp\functions.php on line 475
[01-Oct-2025 20:27:47 UTC] PHP Parse error:  syntax error, unexpected identifier "add_action", expecting "function" or "const" in C:\Users\User\Local Sites\shopinzed\app\public\wp-content\themes\oceanwp\functions.php on line 475
[01-Oct-2025 20:28:09 UTC] PHP Parse error:  syntax error, unexpected identifier "add_action", expecting "function" or "const" in C:\Users\User\Local Sites\shopinzed\app\public\wp-content\themes\oceanwp\functions.php on line 475
[01-Oct-2025 20:28:10 UTC] PHP Parse error:  syntax error, unexpected identifier "add_action", expecting "function" or "const" in C:\Users\User\Local Sites\shopinzed\app\public\wp-content\themes\oceanwp\functions.php on line 475
[01-Oct-2025 20:49:17 UTC] PHP Parse error:  syntax error, unexpected token "<", expecting "function" or "const" in C:\Users\User\Local Sites\shopinzed\app\public\wp-content\themes\oceanwp\functions.php on line 412
[01-Oct-2025 20:49:22 UTC] PHP Parse error:  syntax error, unexpected token "<", expecting "function" or "const" in C:\Users\User\Local Sites\shopinzed\app\public\wp-content\themes\oceanwp\functions.php on line 412
[01-Oct-2025 20:49:24 UTC] PHP Parse error:  syntax error, unexpected token "<", expecting "function" or "const" in C:\Users\User\Local Sites\shopinzed\app\public\wp-content\themes\oceanwp\functions.php on line 412
[01-Oct-2025 20:55:25 UTC] PHP Parse error:  syntax error, unexpected identifier "add_action", expecting "function" or "const" in C:\Users\User\Local Sites\shopinzed\app\public\wp-content\themes\oceanwp\functions.php on line 1125
[01-Oct-2025 20:55:27 UTC] PHP Parse error:  syntax error, unexpected identifier "add_action", expecting "function" or "const" in C:\Users\User\Local Sites\shopinzed\app\public\wp-content\themes\oceanwp\functions.php on line 1125
[01-Oct-2025 20:56:42 UTC] PHP Deprecated:  preg_match(): Passing null to parameter #2 ($subject) of type string is deprecated in C:\Users\User\Local Sites\shopinzed\app\public\wp-includes\class-wp-block-parser.php on line 247
[01-Oct-2025 20:56:42 UTC] PHP Deprecated:  strlen(): Passing null to parameter #1 ($string) of type string is deprecated in C:\Users\User\Local Sites\shopinzed\app\public\wp-includes\class-wp-block-parser.php on line 324
[01-Oct-2025 21:00:37 UTC] PHP Deprecated:  preg_match(): Passing null to parameter #2 ($subject) of type string is deprecated in C:\Users\User\Local Sites\shopinzed\app\public\wp-includes\class-wp-block-parser.php on line 247
[01-Oct-2025 21:00:37 UTC] PHP Deprecated:  strlen(): Passing null to parameter #1 ($string) of type string is deprecated in C:\Users\User\Local Sites\shopinzed\app\public\wp-includes\class-wp-block-parser.php on line 324
[01-Oct-2025 21:01:38 UTC] PHP Deprecated:  preg_match(): Passing null to parameter #2 ($subject) of type string is deprecated in C:\Users\User\Local Sites\shopinzed\app\public\wp-includes\class-wp-block-parser.php on line 247
[01-Oct-2025 21:01:38 UTC] PHP Deprecated:  strlen(): Passing null to parameter #1 ($string) of type string is deprecated in C:\Users\User\Local Sites\shopinzed\app\public\wp-includes\class-wp-block-parser.php on line 324
[01-Oct-2025 21:01:41 UTC] PHP Deprecated:  preg_match(): Passing null to parameter #2 ($subject) of type string is deprecated in C:\Users\User\Local Sites\shopinzed\app\public\wp-includes\class-wp-block-parser.php on line 247
[01-Oct-2025 21:01:41 UTC] PHP Deprecated:  strlen(): Passing null to parameter #1 ($string) of type string is deprecated in C:\Users\User\Local Sites\shopinzed\app\public\wp-includes\class-wp-block-parser.php on line 324
[01-Oct-2025 21:02:01 UTC] PHP Deprecated:  preg_match(): Passing null to parameter #2 ($subject) of type string is deprecated in C:\Users\User\Local Sites\shopinzed\app\public\wp-includes\class-wp-block-parser.php on line 247
[01-Oct-2025 21:02:01 UTC] PHP Deprecated:  strlen(): Passing null to parameter #1 ($string) of type string is deprecated in C:\Users\User\Local Sites\shopinzed\app\public\wp-includes\class-wp-block-parser.php on line 324
